name,team,pos,status,roster_bucket,proj,ceiling,salary
Jahmyr Gibbs,DET,RB,,40+%,25.1,33.4,8800
Josh Allen,BUF,QB,,10-20%,24.4,31.6,8000
Lamar Jackson,BAL,QB,,10-20%,22.9,28.7,7500
Brock Purdy,SF,QB,,10-20%,21.9,28.4,6500
Jaxon Smith-Njigba,SEA,WR,,10-20%,20.6,26.5,8600
Kenneth Walker III,KC,RB,,30-40%,20.3,24.8,7400
Amon-Ra St. Brown,DET,WR,,10-20%,20.3,27.1,7900
Patrick Mahomes II,KC,QB,,10-20%,19.9,24.2,6200
Christian McCaffrey,SF,RB,,10-20%,19.6,25.3,8300
Dak Prescott,DAL,QB,,1-5%,19.6,25.0,6700
Ashton Jeanty,LV,RB,,5-10%,19.4,24.5,7100
Jared Goff,DET,QB,,1-5%,19.2,25.6,6300
Trevor Lawrence,JAC,QB,,1-5%,19.1,25.1,5700
Joe Burrow,CIN,QB,,1-5%,19.1,25.2,6600
Tyler Shough,NO,QB,,10-20%,19.1,25.1,5400
Ja'Marr Chase,CIN,WR,,5-10%,18.1,25.6,8100
CeeDee Lamb,DAL,WR,,5-10%,18.0,24.4,7800
Chase Brown,CIN,RB,,1-5%,18.0,23.2,6600
Drake Maye,NE,QB,,1-5%,17.8,21.7,6100
Kyler Murray,MIN,QB,,10-20%,17.8,20.7,5100
Justin Jefferson,MIN,WR,,5-10%,17.7,22.6,7500
Justin Herbert,LAC,QB,,1-5%,17.7,21.1,5800
Derrick Henry,BAL,RB,,5-10%,17.4,23.6,7700
Bryce Young,CAR,QB,,1-5%,17.2,22.4,5600
C.J. Stroud,HOU,QB,,0-1%,16.8,20.3,5500
Trey McBride,ARI,TE,,10-20%,16.8,22.2,6700
Jonathan Taylor,IND,RB,,1-5%,16.8,22.7,7600
James Cook III,BUF,RB,,1-5%,16.6,22.0,6900
Chris Olave,NO,WR,,10-20%,16.6,20.9,7200
Garrett Wilson,NYJ,WR,,5-10%,16.5,20.6,6300
Geno Smith,NYJ,QB,,1-5%,16.5,20.1,4900
Baker Mayfield,TB,QB,,1-5%,16.2,21.6,5300
Malik Willis,MIA,QB,,1-5%,16.1,21.9,4900
De'Von Achane,MIA,RB,,1-5%,15.9,23.0,6500
Jacoby Brissett,ARI,QB,,1-5%,15.9,20.3,4800
Kirk Cousins,LV,QB,,1-5%,15.9,20.4,4800
Daniel Jones,IND,QB,,1-5%,15.8,20.1,5000
Breece Hall,NYJ,RB,,1-5%,15.7,20.6,6400
Javonte Williams,DAL,RB,,5-10%,15.7,18.2,6700
Parker Washington,JAC,WR,,5-10%,15.6,20.8,6000
Omarion Hampton,LAC,RB,,5-10%,15.5,20.4,6800
Deshaun Watson,CLE,QB,,1-5%,15.1,16.8,4700
Jameis Winston,NYG,QB,,1-5%,14.9,20.3,4000
Aaron Rodgers,PIT,QB,,1-5%,14.9,17.4,5000
Chuba Hubbard,CAR,RB,,1-5%,14.9,19.3,6100
George Pickens,DAL,WR,,5-10%,14.7,19.3,6600
Tetairoa McMillan,CAR,WR,,1-5%,14.4,17.1,6000
Mike Evans,SF,WR,Q,1-5%,14.2,20.1,6800
Cam Ward,TEN,QB,,1-5%,14.0,17.3,5100
Jaylen Warren,PIT,RB,Q,1-5%,14.0,16.8,5700
Marcus Mariota,WAS,QB,,1-5%,14.0,20.5,4500
Ladd McConkey,LAC,WR,,1-5%,13.8,17.3,5900
Malik Nabers,NYG,WR,,1-5%,13.8,19.9,6500
Rashee Rice,KC,WR,,5-10%,13.8,19.7,6400
Bucky Irving,TB,RB,,1-5%,13.6,18.7,6300
Aaron Jones Sr.,MIN,RB,,1-5%,13.6,15.9,5900
Tee Higgins,CIN,WR,,1-5%,13.2,18.8,6100
Cam Skattebo,NYG,RB,,1-5%,13.2,20.5,6200
Sam Darnold,SEA,QB,,1-5%,13.2,18.0,5400
David Montgomery,HOU,RB,,1-5%,13.1,17.1,6000
Dalton Kincaid,BUF,TE,,5-10%,13.1,16.4,5500
Quinshon Judkins,CLE,RB,,5-10%,13.0,15.3,5500
Jalen Coker,CAR,WR,Q,5-10%,12.9,19.8,5500
Brock Bowers,LV,TE,Q,1-5%,12.7,18.5,6600
Bhayshul Tuten,JAC,RB,,1-5%,12.6,15.5,5600
Travis Kelce,KC,TE,,10-20%,12.5,15.7,4500
Sam LaPorta,DET,TE,,5-10%,12.3,17.3,4300
Josh Downs,IND,WR,,1-5%,12.1,15.8,5700
Deebo Samuel Sr.,SF,WR,,5-10%,12.0,15.2,5300
Emeka Egbuka,TB,WR,,1-5%,11.9,13.9,6200
Dalton Schultz,HOU,TE,,1-5%,11.8,15.3,4200
George Kittle,SF,TE,,10-20%,11.7,17.2,4800
Jameson Williams,DET,WR,,1-5%,11.5,16.3,5400
Jeremiyah Love,ARI,RB,,5-10%,11.4,13.8,5500
DK Metcalf,PIT,WR,,1-5%,11.4,14.2,5400
Tyler Warren,IND,TE,,1-5%,11.4,13.1,5300
Michael Wilson,ARI,WR,,1-5%,11.1,16.6,5200
Travis Etienne Jr.,NO,RB,,1-5%,11.1,14.3,5800
Devaughn Vele,NO,WR,,1-5%,11.0,16.1,4400
TreVeyon Henderson,NE,RB,,1-5%,11.0,15.8,5200
Tony Pollard,TEN,RB,,1-5%,11.0,14.3,5400
Romeo Doubs,NE,WR,,1-5%,11.0,14.5,5100
Adonai Mitchell,NYJ,WR,Q,1-5%,10.9,12.4,4300
Isaiah Likely,NYG,TE,,10-20%,10.9,14.6,4700
Mark Andrews,BAL,TE,,10-20%,10.9,14.2,4400
Stefon Diggs,WAS,WR,,1-5%,10.9,15.3,5500
Denzel Boston,CLE,WR,,1-5%,10.8,15.4,4500
Juwan Johnson,NO,TE,,20-30%,10.7,14.8,3700
Rhamondre Stevenson,NE,RB,,1-5%,10.7,14.8,5400
Rashod Bateman,BAL,WR,,1-5%,10.5,13.0,4700
Jadarian Price,SEA,RB,,1-5%,10.4,12.0,5300
Terry McLaurin,WAS,WR,,1-5%,10.3,13.9,5100
Xavier Worthy,KC,WR,,1-5%,10.3,12.6,4400
Harold Fannin Jr.,CLE,TE,,5-10%,10.3,14.8,4000
Chris Godwin Jr.,TB,WR,,1-5%,10.3,14.1,5300
Carnell Tate,TEN,WR,,1-5%,10.3,12.1,5000
Khalil Shakir,BUF,WR,,1-5%,10.2,13.5,4800
KC Concepcion Jr.,CLE,WR,,1-5%,10.1,12.4,4300
Jordan Addison,MIN,WR,,1-5%,9.9,15.7,4900
Tre Tucker,LV,WR,,1-5%,9.7,14.7,5000
DJ Moore,BUF,WR,Q,1-5%,9.7,15.0,5800
Malik Washington,MIA,WR,,0-1%,9.7,11.4,4200
Quentin Johnston,LAC,WR,,1-5%,9.6,14.0,4900
Brian Thomas Jr.,JAC,WR,,1-5%,9.5,13.9,4600
Jakobi Meyers,JAC,WR,,1-5%,9.4,13.8,4800
Wan'Dale Robinson,TEN,WR,,1-5%,9.3,13.5,4500
Oronde Gadsden II,LAC,TE,,1-5%,9.2,13.8,3500
Pat Freiermuth,PIT,TE,,1-5%,9.2,12.4,3800
Kayshon Boutte,HOU,WR,,0-1%,9.2,13.5,4500
Xavier Hutchinson,HOU,WR,,0-1%,9.1,10.7,4000
Woody Marks,HOU,RB,,0-1%,9.0,11.8,5000
Jake Ferguson,DAL,TE,,1-5%,8.9,11.8,4100
Marvin Harrison Jr.,ARI,WR,,0-1%,8.9,10.7,4700
Keenan Allen,IND,WR,,1-5%,8.8,14.4,4600
Rashid Shaheed,SEA,WR,,1-5%,8.8,13.2,4200
Hunter Henry,NE,TE,,5-10%,8.7,12.0,3900
Rachaad White,WAS,RB,,0-1%,8.6,12.1,5100
Tre' Harris,LAC,WR,,1-5%,8.6,10.1,3900
Jacory Croskey-Merritt,WAS,RB,,0-1%,8.5,11.5,5300
T.J. Hockenson,MIN,TE,,1-5%,8.4,12.2,3200
Kendrick Bourne,ARI,WR,,0-1%,8.4,12.1,3700
Brenton Strange,JAC,TE,,1-5%,8.3,10.7,3400
AJ Barner,SEA,TE,,1-5%,8.1,12.3,3100
Ryan Flournoy,DAL,WR,,1-5%,8.1,13.1,3800
Kenyon Sadiq,NYJ,TE,,0-1%,8.0,10.7,3500
Tyjae Spears,TEN,RB,Q,0-1%,7.9,11.8,4900
Emmett Johnson,KC,RB,,0-1%,7.8,11.1,4400
Malachi Fields,NYG,WR,,0-1%,7.7,9.8,4400
Drew Lock,SEA,QB,,1-5%,7.7,14.4,5200
Seattle Seahawks,SEA,DST,,1-5%,7.7,17.7,3800
Kansas City Chiefs,KC,DST,,1-5%,7.7,17.7,3700
Houston Texans,HOU,DST,,1-5%,7.5,17.5,3200
Darren Waller,CAR,TE,,1-5%,7.3,11.0,3400
Minnesota Vikings,MIN,DST,,1-5%,7.2,17.2,3100
Kaelon Black,SF,RB,,0-1%,7.1,10.1,4800
Jaylin Noel,HOU,WR,,0-1%,7.1,10.0,3600
Jalen Nailor,LV,WR,,0-1%,7.1,10.7,3700
Tyquan Thornton,KC,WR,,1-5%,7.0,9.7,3300
Kenny Gainwell,TB,RB,,0-1%,7.0,10.3,4800
Keon Coleman,BUF,WR,Q,1-5%,7.0,9.8,4300
San Francisco 49ers,SF,DST,,1-5%,7.0,17.0,3600
Carolina Panthers,CAR,DST,,1-5%,6.9,15.2,3000
Detroit Lions,DET,DST,,1-5%,6.8,16.8,3500
Cade Otton,TB,TE,,1-5%,6.8,10.0,3100
Mack Hollins,NE,WR,,1-5%,6.8,10.6,4200
Mike Gesicki,CIN,TE,,1-5%,6.7,9.7,3300
Cincinnati Bengals,CIN,DST,,1-5%,6.7,16.7,2900
Joshua Palmer,BUF,WR,,1-5%,6.6,9.4,3500
Buffalo Bills,BUF,DST,,1-5%,6.6,16.6,2800
Chris Bell,MIA,WR,,0-1%,6.5,8.4,3400
Cooper Kupp,SEA,WR,,0-1%,6.5,9.4,4000
Tyler Allgeier,ARI,RB,,0-1%,6.5,10.0,5000
Jerry Jeudy,CLE,WR,,0-1%,6.4,10.2,3800
Germie Bernard,PIT,WR,,0-1%,6.4,9.1,3900
Jacksonville Jaguars,JAC,DST,,1-5%,6.4,16.4,2900
DeMario Douglas,NE,WR,,1-5%,6.3,8.8,3700
New York Giants,NYG,DST,,1-5%,6.3,16.3,3400
Braelon Allen,NYJ,RB,,0-1%,6.3,7.8,4400
Emanuel Wilson,SEA,RB,,0-1%,6.3,9.8,4900
Antonio Williams,WAS,WR,,0-1%,6.2,10.7,4100
New England Patriots,NE,DST,,1-5%,6.2,16.2,2700
Ted Hurst III,TB,WR,,0-1%,6.1,8.8,3000
New Orleans Saints,NO,DST,,1-5%,6.1,16.1,3300
Pittsburgh Steelers,PIT,DST,,1-5%,6.0,16.0,2700
Michael Mayer,LV,TE,,0-1%,6.0,8.1,3300
Keaton Mitchell,LAC,RB,,1-5%,5.8,9.6,4300
Jack Bech,LV,WR,,0-1%,5.8,6.7,3500
Darnell Mooney,NYG,WR,,0-1%,5.6,7.6,4100
Zay Flowers,BAL,WR,Q,5-10%,5.6,9.7,6900
Alvin Kamara,NO,RB,,1-5%,5.6,8.6,4800
Tennessee Titans,TEN,DST,,1-5%,5.6,13.6,2400
Tampa Bay Buccaneers,TB,DST,,5-10%,5.6,15.6,2600
Greg Dulcich,MIA,TE,,1-5%,5.6,7.8,3000
Chris Rodriguez Jr.,JAC,RB,,0-1%,5.5,9.4,4600
Carson Wentz,MIN,QB,,0-1%,5.5,11.1,4600
Laquon Treadwell,IND,WR,,0-1%,5.5,6.9,3100
Las Vegas Raiders,LV,DST,,1-5%,5.4,15.2,2600
Isaac TeSlaa,DET,WR,,0-1%,5.4,8.4,3400
Baltimore Ravens,BAL,DST,,1-5%,5.4,15.4,2800
Cleveland Browns,CLE,DST,,1-5%,5.3,15.3,2500
Indianapolis Colts,IND,DST,,1-5%,5.3,15.3,2500
Calvin Ridley,TEN,WR,,0-1%,5.3,8.8,4000
Mike Washington Jr.,LV,RB,,0-1%,5.2,7.0,4100
Justice Hill,BAL,RB,,1-5%,5.2,9.2,4200
Dallas Cowboys,DAL,DST,,1-5%,5.2,15.2,2400
Isaiah Williams,NYJ,WR,,0-1%,5.1,7.2,3300
Elic Ayomanor,TEN,WR,,0-1%,5.1,7.2,3300
Los Angeles Chargers,LAC,DST,,1-5%,5.1,15.1,2200
Gunnar Helm,TEN,TE,,1-5%,5.1,7.6,2900
Bryce Lance,NO,WR,,0-1%,5.0,8.0,3000
Devin Singletary,NYG,RB,,0-1%,4.9,7.8,4200
Michael Pittman Jr.,PIT,WR,Q,1-5%,4.9,8.1,4700
Chris Moore,BAL,WR,,1-5%,4.8,7.1,3100
Xavier Legette,CAR,WR,Q,0-1%,4.8,7.1,3500
George Holani,SEA,RB,,0-1%,4.7,5.8,4500
Jalen McMillan,TB,WR,,0-1%,4.6,10.9,4100
Darnell Washington,PIT,TE,,0-1%,4.4,5.6,2800
Samaje Perine,CIN,RB,,0-1%,4.3,7.6,4100
Raheim Sanders,CLE,RB,,0-1%,4.2,7.4,4500
Washington Commanders,WAS,DST,,1-5%,4.2,12.5,2300
Najee Harris,NYG,RB,,0-1%,4.1,7.1,4700
Dawson Knox,BUF,TE,,0-1%,4.1,6.5,2800
Ray Davis,BUF,RB,,1-5%,3.9,8.1,4400
Devontez Walker,BAL,WR,,1-5%,3.9,7.9,3500
Emari Demercado,DAL,RB,,1-5%,3.9,6.9,4200
Kyle Williams,NE,WR,,0-1%,3.9,5.8,3400
Jared Wayne,HOU,WR,,0-1%,3.7,5.9,3100
Kimani Vidal,LAC,RB,,1-5%,3.7,6.3,4000
New York Jets,NYJ,DST,,0-1%,3.7,13.0,2100
Arizona Cardinals,ARI,DST,,1-5%,3.7,12.4,2300
Miami Dolphins,MIA,DST,,1-5%,3.6,13.1,2000
Dyami Brown,WAS,WR,,0-1%,3.6,5.5,3200
Tez Johnson,TB,WR,,0-1%,3.6,7.2,3000
Tommy Tremble,CAR,TE,,0-1%,3.6,5.8,2500
Noah Fant,NO,TE,,0-1%,3.6,5.5,3200
KaVontae Turpin,DAL,WR,,1-5%,3.5,6.3,3000
AJ Dillon,CAR,RB,,0-1%,3.4,5.6,4000
Travis Hunter,JAC,WR,,0-1%,3.4,6.3,3100
Noah Gray,KC,TE,,0-1%,3.4,5.9,3000
Elijah Sarratt,BAL,WR,,1-5%,3.3,3.3,3400
LaJohntay Wester,BAL,WR,,1-5%,3.3,3.8,3000
Jauan Jennings,MIN,WR,,0-1%,3.2,7.6,3600
Chimere Dike,TEN,WR,,0-1%,3.2,6.0,3000
Theo Johnson,NYG,TE,,0-1%,3.2,5.5,2700
Josh Oliver,MIN,TE,,0-1%,3.2,6.2,2500
Ben Sinnott,WAS,TE,,0-1%,3.2,4.0,2600
Sione Vaki,DET,RB,,0-1%,3.1,3.7,4300
Elijah Arroyo,SEA,TE,,1-5%,3.1,3.2,2500
Kevin Coleman Jr.,MIA,WR,,0-1%,3.1,4.9,3000
Kaytron Allen,WAS,RB,,0-1%,3.0,5.4,4300
DeeJay Dallas,MIN,RB,,0-1%,3.0,3.8,4200
Colbie Young,CIN,WR,,0-1%,2.9,5.4,3000
Drew Sample,CIN,TE,,0-1%,2.9,4.8,2600
Demond Claiborne,MIN,RB,,0-1%,2.9,5.7,4400
Foster Moreau,HOU,TE,,0-1%,2.9,5.1,2500
Jalen Royals,KC,WR,,0-1%,2.9,4.4,3000
LeQuint Allen Jr.,JAC,RB,,0-1%,2.9,2.9,4000
Erick All Jr.,CIN,TE,,0-1%,2.9,3.8,2500
Jacob Cowing,SF,WR,,0-1%,2.8,3.6,3300
Dohnte Meyers,CIN,WR,,0-1%,2.8,5.7,3000
Jeremy Ruckert,NYJ,TE,,0-1%,2.8,3.7,2500
Mitchell Evans,CAR,TE,,0-1%,2.7,5.0,2500
Eli Raridon,NE,TE,Q,0-1%,2.7,5.2,2900
Blake Whiteheart,CLE,TE,,0-1%,2.7,3.5,2500
Darius Slayton,IND,WR,,-,2.6,5.8,3500
Cyrus Allen,KC,WR,,0-1%,2.6,4.7,3600
KhaDarel Hodge,SF,WR,,0-1%,2.6,4.4,3000
Durham Smythe,BAL,TE,,1-5%,2.6,3.6,2500
Jalen Tolbert,MIA,WR,,0-1%,2.6,5.6,3000
John Bates,WAS,TE,,0-1%,2.5,3.5,2500
Matt Hibner,BAL,TE,,1-5%,2.4,4.2,2500
Daniel Bellinger,TEN,TE,,0-1%,2.4,4.1,2500
Josh Cameron,JAC,WR,,0-1%,2.4,6.4,3000
Luke Farrell,SF,TE,,0-1%,2.3,3.3,2500
Ollie Gordon II,MIA,RB,,0-1%,2.3,3.5,4000
Will Kacmarek,MIA,TE,,0-1%,2.2,3.7,2500
Colson Yankoff,WAS,TE,,0-1%,2.2,2.3,2500
Malik Benson,LV,WR,,0-1%,2.2,4.1,3000
Marlin Klein,HOU,TE,,0-1%,2.2,3.9,2500
Tyrone Tracy Jr.,NYG,RB,,0-1%,2.2,5.6,4100
Luke Schoonmaker,DAL,TE,,1-5%,2.1,3.5,2500
Brevyn Spann-Ford,DAL,TE,,1-5%,2.1,3.5,2500
Nate Boerkircher,JAC,TE,,0-1%,2.1,3.9,2500
Kyle Juszczyk,SF,RB,,0-1%,2.1,4.8,4000
Ty Johnson,BUF,RB,,1-5%,2.1,5.9,4000
Tory Horton,SEA,WR,,0-1%,2.0,6.2,3000
Jackson Hawes,BUF,TE,,1-5%,2.0,4.4,2500
Brock Wright,DET,TE,,0-1%,1.9,3.9,2500
Hayden Rucci,LAC,TE,,0-1%,1.9,3.7,2500
Odell Beckham Jr.,NYG,WR,,0-1%,1.9,3.4,3300
Cade Stover,HOU,TE,,0-1%,1.9,3.1,2500
Seth McGowan,IND,RB,,0-1%,1.9,3.9,4100
Jordan Watkins,SF,WR,,0-1%,1.9,3.7,3100
Nicholas Singleton,TEN,RB,,0-1%,1.8,4.8,4000
Travis Homer,PIT,RB,,0-1%,1.8,2.8,4000
