"RTS ID","player","team","position","Own","rushAtts","rushTDs","recvTgts","recTDs","passAtts"
"111475","Brevyn Spann-Ford","DAL","TE","0.02","0.0","0.0","2.2","0.0","0.0"
"100868","Alex Bachman","LAR","WR","0.00","0.0","0.0","0.0","0.0","0.0"
"111460","Harrison Mevis","LAR","K","0.00","0.0","0.0","0.0","0.0","0.0"
"100361","Braxton Berrios","NYG","WR","0.00","0.0","0.0","0.0","0.0","0.0"
"209198","Nick Degennaro","NE","WR","0.00","0.0","0.0","0.0","0.0","0.0"
"209200","Jimmy Kibble","NE","WR","0.00","0.0","0.0","0.0","0.0","0.0"
"101785","Jason Myers","SEA","K","0.00","0.0","0.0","0.0","0.0","0.0"
"163585","Ryan Fitzgerald","CAR","K","0.00","0.0","0.0","0.0","0.0","0.0"
"163642","Ahmani Marshall","CAR","RB","0.00","0.0","0.0","0.0","0.0","0.0"
"163648","Anthony Tyus III","CAR","RB","0.00","0.0","0.0","0.0","0.0","0.0"
"163653","Ja'Seem Reed","CAR","WR","0.00","0.0","0.0","0.0","0.0","0.0"
"208562","Chris Brazzell II","CAR","WR","0.00","0.0","0.0","0.0","0.0","0.0"
"212552","Miles Davis","CAR","RB","0.00","0.0","0.0","0.0","0.0","0.0"
"102125","Cairo Santos","CHI","K","0.00","0.0","0.0","0.0","0.0","0.0"
"211051","Noah Thomas","CIN","WR","0.00","0.0","0.0","0.0","0.0","0.0"
"117257","Jabari Small","DET","RB","0.00","0.0","0.0","0.0","0.0","0.0"
"101464","Danny Pinter","BAL","C","0.00","0.0","0.0","0.0","0.0","0.0"
"210994","E.J. Horton","IND","WR","0.00","0.0","0.0","0.0","0.0","0.0"
"210995","Raylen Sharpe","IND","WR","0.00","0.0","0.0","0.0","0.0","0.0"
"210997","Sahmir Hagans","IND","WR","0.00","0.0","0.0","0.0","0.0","0.0"
"106373","Scott Matlock","LAC","RB","0.00","0.0","0.0","0.0","0.0","0.0"
"210000","Patrick Gurd","LV","TE","0.00","0.0","0.0","0.0","0.0","0.0"
"101014","Jalen Reagor","MIA","WR","0.00","0.0","0.0","0.0","0.0","0.0"
"101700","Charlie Heck","MIA","OT","0.00","0.0","0.0","0.0","0.0","0.0"
"104777","Cole Turner","MIA","TE","0.00","0.0","0.0","0.0","0.0","0.0"
"105303","Samori Toure","PHI","WR","0.00","0.0","0.0","0.0","0.0","0.0"
"111435","Johnny Wilson","PHI","WR","0.00","0.0","0.0","0.0","0.0","0.0"
"209644","Camden Brown","DAL","WR","0.01","0.0","0.0","0.0","0.0","0.0"
"208842","Deion Burks","IND","WR","0.83","0.0","0.0","0.0","0.0","0.0"
"100626","Odell Beckham Jr.","NYG","WR","0.25","0.0","0.0","1.1","1.2","0.0"
"100524","Chris Manhertz","NYG","TE","0.00","0.0","0.0","0.9","1.0","0.0"
"102865","Patrick Ricard","NYG","RB","0.01","0.0","0.0","1.4","0.6","0.0"
"101639","Devin Singletary","NYG","RB","0.02","3.7","2.0","0.9","0.3","0.0"
"101278","Najee Harris","NYG","RB","0.25","11.2","5.3","1.7","0.8","0.0"
"102326","Darnell Mooney","NYG","WR","0.31","0.0","0.0","10.4","11.2","0.0"
"111426","Theo Johnson","NYG","TE","0.07","0.0","0.0","12.1","11.9","0.0"
"104762","Isaiah Likely","NYG","TE","3.18","0.0","0.0","15.9","18.5","0.0"
"111021","Malik Nabers","NYG","WR","17.43","1.3","0.5","27.7","32.1","0.0"
"111282","Tyrone Tracy Jr.","NYG","RB","0.48","11.6","4.7","4.9","2.3","0.0"
"162169","Cam Skattebo","NYG","RB","5.01","50.2","51.0","9.2","4.2","0.0"
"208560","Malachi Fields","NYG","WR","0.74","0.0","0.0","13.8","15.9","0.0"
"101440","Evan Engram","DEN","TE","0.76","0.0","0.0","12.4","11.4","0.0"
"102592","Courtland Sutton","DEN","WR","4.93","0.0","0.0","19.3","22.6","0.0"
"102894","J.K. Dobbins","DEN","RB","1.94","44.6","38.4","4.6","1.9","0.0"
"102805","Adam Trautman","DEN","TE","0.02","0.0","0.0","4.0","0.0","0.0"
"101960","Jaylen Waddle","DEN","WR","6.89","0.5","0.4","21.3","24.4","0.0"
"106185","Marvin Mims Jr.","DEN","WR","0.17","2.4","1.7","3.2","3.6","0.0"
"104720","Tyler Badie","DEN","RB","0.01","0.0","0.0","0.9","1.0","0.0"
"106683","Nate Adkins","DEN","TE","0.00","0.0","0.0","3.2","0.0","0.0"
"111041","Troy Franklin","DEN","WR","0.25","1.4","1.2","6.0","7.1","0.0"
"208675","Jonah Coleman","DEN","RB","0.23","4.7","3.6","2.0","0.8","0.0"
"162059","RJ Harvey","DEN","RB","2.10","27.7","26.2","10.1","13.3","0.0"
"162063","Pat Bryant","DEN","WR","0.49","0.0","0.0","13.0","13.9","0.0"
"101981","Travis Kelce","KC","TE","2.22","0.0","0.0","20.1","20.1","0.0"
"102551","Noah Gray","KC","TE","0.03","0.0","0.0","7.3","7.2","0.0"
"162237","Jimmy Horn Jr.","CAR","WR","0.02","0.0","0.0","0.9","1.0","0.0"
"161966","Tetairoa McMillan","CAR","WR","3.96","0.0","0.0","22.9","28.1","0.0"
"102307","Kalif Raymond","CHI","WR","0.18","0.4","0.3","6.4","6.9","0.0"
"102443","D'Andre Swift","CHI","RB","5.20","46.8","50.0","8.7","6.0","0.0"
"102323","Cole Kmet","CHI","TE","3.05","0.0","0.0","8.7","7.5","0.0"
"106336","Roschon Johnson","CHI","RB","0.09","2.9","2.0","1.1","0.5","0.0"
"111044","Rome Odunze","CHI","WR","4.14","0.4","0.4","20.9","23.6","0.0"
"161950","Colston Loveland","CHI","TE","4.96","0.0","0.0","20.9","22.2","0.0"
"162232","Kyle Monangai","CHI","RB","1.04","32.9","30.6","5.0","4.2","0.0"
"162081","Luther Burden III","CHI","WR","2.08","1.5","1.3","21.2","22.1","0.0"
"163645","Jahdae Walker","CHI","WR","0.11","0.0","0.0","1.1","0.9","0.0"
"208596","Sam Roush","CHI","TE","0.00","0.0","0.0","1.1","1.2","0.0"
"208630","Zavion Thomas","CHI","WR","0.64","0.0","0.0","4.8","4.9","0.0"
"101372","Samaje Perine","CIN","RB","0.54","21.9","20.8","4.9","2.0","0.0"
"102534","Mike Gesicki","CIN","TE","1.20","0.0","0.0","7.8","7.9","0.0"
"100145","Drew Sample","CIN","TE","0.09","0.0","0.0","3.8","3.9","0.0"
"100212","Tee Higgins","CIN","WR","5.15","0.0","0.0","18.5","25.3","0.0"
"100349","Ja'Marr Chase","CIN","WR","7.22","0.9","0.6","27.5","31.9","0.0"
"106214","Andrei Iosivas","CIN","WR","0.76","1.4","1.3","7.2","7.9","0.0"
"106338","Chase Brown","CIN","RB","5.23","61.6","65.3","13.9","7.5","0.0"
"111549","Erick All Jr.","CIN","TE","0.03","0.0","0.0","9.3","9.3","0.0"
"208677","Colbie Young","CIN","WR","0.64","0.0","0.0","2.9","3.1","0.0"
"162231","Tahj Brooks","CIN","RB","0.03","4.2","2.0","1.2","0.4","0.0"
"208737","Jack Endries","CIN","TE","0.00","0.0","0.0","2.0","0.0","0.0"
"198057","Dohnte Meyers","CIN","WR","0.19","0.0","0.0","0.9","0.8","0.0"
"101728","Chris Godwin Jr.","TB","WR","3.95","0.0","0.0","23.1","27.4","0.0"
"101292","Kenny Gainwell","TB","RB","1.15","19.0","21.8","15.3","7.8","0.0"
"104754","Cade Otton","TB","TE","5.38","0.0","0.0","12.8","12.8","0.0"
"106233","Payne Durham","TB","TE","0.01","0.0","0.0","0.9","1.1","0.0"
"106426","Sean Tucker","TB","RB","0.43","6.1","9.3","0.9","0.6","0.0"
"111035","Bucky Irving","TB","RB","3.37","58.4","50.2","10.9","5.9","0.0"
"111417","Jalen McMillan","TB","WR","1.20","0.0","0.0","0.0","0.0","0.0"
"117549","Kameron Johnson","TB","WR","0.01","0.8","0.7","0.0","0.0","0.0"
"162230","Tez Johnson","TB","WR","0.42","2.3","2.3","2.8","4.0","0.0"
"161968","Emeka Egbuka","TB","WR","4.14","1.1","1.3","24.1","29.4","0.0"
"208574","Ted Hurst III","TB","WR","0.52","0.0","0.0","9.1","11.0","0.0"
"101055","Tyler Conklin","DET","TE","0.00","0.0","0.0","1.9","0.0","0.0"
"102490","Amon-Ra St. Brown","DET","WR","7.97","1.1","0.0","26.8","31.6","0.0"
"102546","Brock Wright","DET","TE","0.14","0.0","0.0","1.9","1.8","0.0"
"106182","Sam LaPorta","DET","TE","4.61","0.0","0.0","16.9","17.6","0.0"
"106151","Jahmyr Gibbs","DET","RB","9.00","80.2","92.6","16.9","14.2","0.0"
"104696","Jameson Williams","DET","WR","5.85","1.8","1.6","19.5","20.7","0.0"
"105324","Tay Martin","DET","WR","0.10","0.0","0.0","1.9","1.0","0.0"
"106452","Jacob Saylors","DET","RB","0.02","9.8","0.0","3.8","1.6","0.0"
"110998","Sione Vaki","DET","RB","0.02","1.8","1.5","0.6","0.3","0.0"
"162092","Isaac TeSlaa","DET","WR","0.47","0.0","0.0","9.6","11.2","0.0"
"102612","Noah Fant","NO","TE","0.00","0.0","0.1","6.2","5.7","0.0"
"101114","Travis Etienne Jr.","NO","RB","1.74","60.8","53.3","9.5","11.6","0.0"
"102801","Juwan Johnson","NO","TE","5.75","0.0","0.1","20.3","18.8","0.0"
"104695","Chris Olave","NO","WR","4.03","0.0","0.1","28.4","28.9","0.0"
"105467","Kevin Austin Jr.","NO","WR","0.08","0.0","0.1","0.0","0.0","0.0"
"106289","Kendre Miller","NO","RB","0.05","8.3","8.1","1.1","0.4","0.0"
"111039","Audric Estimé","NO","RB","0.07","0.0","0.0","0.0","0.0","0.0"
"111539","Devaughn Vele","NO","WR","0.60","0.0","0.1","17.3","17.4","0.0"
"117533","Treyton Welch","NO","TE","0.00","0.0","0.1","0.0","0.0","0.0"
"208734","Barion Brown","NO","WR","0.19","0.0","0.1","2.2","2.0","0.0"
"208561","Oscar Delp","NO","TE","0.00","0.0","0.0","0.0","0.0","0.0"
"208683","Bryce Lance","NO","WR","0.55","0.0","0.1","5.1","5.3","0.0"
"101561","DJ Moore","BUF","WR","2.12","1.8","1.1","20.0","22.1","0.0"
"100407","Ty Johnson","BUF","RB","0.36","4.3","2.6","7.1","5.0","0.0"
"101637","Dawson Knox","BUF","TE","0.65","0.0","0.0","9.2","9.2","0.0"
"100559","Joshua Palmer","BUF","WR","0.31","0.0","0.0","6.2","2.8","0.0"
"104719","Khalil Shakir","BUF","WR","2.29","0.4","0.2","16.0","16.0","0.0"
"104711","James Cook III","BUF","RB","4.33","58.8","45.2","8.3","9.3","0.0"
"106158","Dalton Kincaid","BUF","TE","3.46","0.0","0.0","16.0","19.1","0.0"
"111032","Keon Coleman","BUF","WR","0.82","0.0","0.0","9.8","10.0","0.0"
"111047","Ray Davis","BUF","RB","0.33","10.2","5.8","3.1","2.0","0.0"
"162235","Jackson Hawes","BUF","TE","0.01","0.0","0.0","3.4","3.5","0.0"
"208681","Skyler Bell","BUF","WR","0.28","0.0","0.0","0.9","1.1","0.0"
"100500","Dalton Schultz","HOU","TE","4.32","0.0","0.0","18.7","19.0","0.0"
"102302","David Montgomery","HOU","RB","2.18","51.8","69.5","8.0","3.8","0.0"
"101985","Foster Moreau","HOU","TE","0.00","0.0","0.0","1.0","1.2","0.0"
"101666","Nico Collins","HOU","WR","6.00","0.7","0.5","25.3","24.3","0.0"
"106179","Kayshon Boutte","HOU","WR","1.02","0.4","0.4","12.0","11.5","0.0"
"106325","Xavier Hutchinson","HOU","WR","0.57","0.0","0.0","11.7","11.9","0.0"
"106596","Jared Wayne","HOU","WR","0.01","0.0","0.0","1.0","0.5","0.0"
"111053","Cade Stover","HOU","TE","0.05","0.0","0.0","6.0","5.0","0.0"
"117376","British Brooks","HOU","RB","0.00","1.8","0.5","0.3","0.3","0.0"
"162057","Jaylin Noel","HOU","WR","0.49","0.0","0.0","8.0","10.7","0.0"
"162174","Woody Marks","HOU","RB","0.82","33.1","24.0","8.0","11.9","0.0"
"102138","Derrick Henry","BAL","RB","4.90","60.0","67.3","5.8","2.8","0.0"
"102867","Mark Andrews","BAL","TE","5.33","1.0","0.8","18.7","23.0","0.0"
"102554","Durham Smythe","BAL","TE","0.00","0.0","0.0","7.8","8.1","0.0"
"102881","Justice Hill","BAL","RB","0.82","17.5","13.4","10.5","5.1","0.0"
"106146","Zay Flowers","BAL","WR","5.50","1.0","0.8","27.6","29.3","0.0"
"111045","Devontez Walker","BAL","WR","0.14","0.0","0.0","3.1","3.5","0.0"
"111235","Rasheen Ali","BAL","RB","0.07","1.9","1.4","1.2","0.4","0.0"
"208676","Elijah Sarratt","BAL","WR","0.63","0.0","0.0","1.2","0.0","0.0"
"208563","Ja'Kobi Lane","BAL","WR","0.47","0.0","0.0","10.1","11.5","0.0"
"208702","Matt Hibner","BAL","TE","0.00","0.0","0.0","1.2","0.0","0.0"
"100765","Keenan Allen","IND","WR","0.93","0.0","0.0","20.0","14.9","0.0"
"103643","Laquon Treadwell","IND","WR","0.01","0.7","0.8","0.9","0.5","0.0"
"101095","Mo Alie-Cox","IND","TE","0.08","0.0","0.0","4.0","1.7","0.0"
"101389","Ashton Dulin","IND","WR","0.14","0.0","0.0","2.8","1.9","0.0"
"101391","Jonathan Taylor","IND","RB","5.05","76.0","67.2","10.2","4.6","0.0"
"104727","Alec Pierce","IND","WR","3.66","0.0","0.0","16.9","30.1","0.0"
"105279","Drew Ogletree","IND","TE","0.02","0.0","0.0","0.0","0.0","0.0"
"106229","Josh Downs","IND","WR","3.62","1.4","2.5","20.0","24.4","0.0"
"161951","Tyler Warren","IND","TE","4.08","1.0","4.5","21.2","20.2","0.0"
"162228","DJ Giddens","IND","RB","0.08","1.0","1.2","0.9","0.3","0.0"
"208762","Seth McGowan","IND","RB","0.09","5.5","6.9","3.1","1.2","0.0"
"102652","Jerry Jeudy","CLE","WR","2.08","0.0","0.0","19.0","25.0","0.0"
"102620","Tylan Wallace","CLE","WR","0.01","1.2","0.9","1.3","1.0","0.0"
"106461","Blake Whiteheart","CLE","TE","0.01","0.0","0.0","4.4","4.0","0.0"
"111046","Malachi Corley","CLE","WR","0.02","0.0","0.0","4.0","1.9","0.0"
"162054","Harold Fannin Jr.","CLE","TE","2.43","1.2","0.9","20.9","25.8","0.0"
"162170","Dylan Sampson","CLE","RB","0.36","16.8","14.1","6.9","4.2","0.0"
"162060","Quinshon Judkins","CLE","RB","1.66","65.8","67.3","8.1","4.1","0.0"
"162372","Raheim Sanders","CLE","RB","0.03","1.9","1.1","0.9","0.3","0.0"
"208564","Denzel Boston","CLE","WR","0.86","0.0","0.0","15.3","15.2","0.0"
"208462","KC Concepcion","CLE","WR","0.91","0.0","0.0","17.8","17.6","0.0"
"208856","Carsen Ryan","CLE","TE","0.00","0.0","0.0","1.6","1.0","0.0"
"100839","Ameer Abdullah","JAX","RB","0.04","0.0","0.0","0.9","0.8","0.0"
"102091","Jakobi Meyers","JAX","WR","3.34","0.5","0.5","20.4","17.8","0.0"
"106192","Chris Rodriguez Jr.","JAX","RB","0.82","42.6","35.6","0.9","0.8","0.0"
"106228","Parker Washington","JAX","WR","3.33","1.9","1.4","23.0","21.7","0.0"
"106279","Brenton Strange","JAX","TE","3.23","0.0","0.0","16.5","14.8","0.0"
"111001","Brian Thomas Jr.","JAX","WR","4.14","0.5","0.5","17.1","21.6","0.0"
"162171","Bhayshul Tuten","JAX","RB","1.36","34.0","29.1","8.0","12.4","0.0"
"162238","LeQuint Allen Jr.","JAX","RB","0.09","2.9","1.9","2.1","1.5","0.0"
"161967","Travis Hunter","JAX","WR","1.35","0.0","0.0","4.4","4.5","0.0"
"208740","Tanner Koziol","JAX","TE","0.00","0.0","0.0","2.6","0.5","0.0"
"208742","Josh Cameron","JAX","WR","0.10","0.0","0.0","0.3","0.8","0.0"
"208597","Nate Boerkircher","JAX","TE","0.00","0.0","0.0","3.8","2.9","0.0"
"100474","Austin Hooper","ATL","TE","0.00","0.0","0.0","1.8","2.8","0.0"
"101544","Olamide Zaccheaus","ATL","WR","0.42","0.6","0.6","11.0","10.5","0.0"
"101045","Charlie Woerner","ATL","TE","0.01","0.0","0.0","3.9","4.0","0.0"
"100400","Chris Blair","ATL","WR","0.00","0.0","0.0","1.1","1.0","0.0"
"101682","Kyle Pitts Sr.","ATL","TE","3.31","0.0","0.0","21.3","21.5","0.0"
"104692","Drake London","ATL","WR","3.26","0.0","0.0","27.4","29.9","0.0"
"104700","Jahan Dotson","ATL","WR","0.12","0.0","0.0","6.8","13.0","0.0"
"106150","Bijan Robinson","ATL","RB","4.44","62.8","65.1","18.1","8.8","0.0"
"104704","Brian Robinson","ATL","RB","0.36","25.5","26.6","3.2","3.4","0.0"
"208593","Zachariah Branch","ATL","WR","0.34","0.0","0.0","5.3","5.0","0.0"
"102254","Robert Tonyan","PIT","TE","0.00","0.0","0.0","2.1","2.3","0.0"
"100528","DK Metcalf","PIT","WR","3.21","0.0","0.0","20.3","24.7","0.0"
"101397","Michael Pittman Jr.","PIT","WR","0.71","0.0","0.0","17.9","20.9","0.0"
"100800","Rico Dowdle","PIT","RB","1.96","45.6","43.4","12.1","5.7","0.0"
"101430","Pat Freiermuth","PIT","TE","5.85","0.0","0.0","13.5","16.1","0.0"
"102380","Ben Skowronek","PIT","WR","0.01","0.0","0.0","1.2","1.4","0.0"
"106180","Darnell Washington","PIT","TE","2.01","0.0","0.0","6.2","6.7","0.0"
"105181","Jaylen Warren","PIT","RB","3.95","49.2","50.9","12.3","5.7","0.0"
"111106","Roman Wilson","PIT","WR","0.08","0.0","0.0","9.4","11.0","0.0"
"208565","Germie Bernard","PIT","WR","0.17","0.0","0.0","4.1","4.7","0.0"
"208767","Eli Heidenreich","PIT","RB","0.01","0.9","1.1","0.9","0.8","0.0"
"102591","Tim Patrick","NYJ","WR","0.01","0.0","0.0","0.0","0.0","0.0"
"104734","Jeremy Ruckert","NYJ","TE","0.08","0.0","0.0","0.4","0.5","0.0"
"104689","Breece Hall","NYJ","RB","2.51","61.0","50.9","11.5","5.6","0.0"
"100163","Kene Nwangwu","NYJ","RB","0.01","0.7","0.5","0.0","0.0","0.0"
"104691","Garrett Wilson","NYJ","WR","3.24","0.0","0.0","30.1","36.3","0.0"
"111002","Braelon Allen","NYJ","RB","0.33","19.4","22.2","3.0","1.4","0.0"
"111022","Adonai Mitchell","NYJ","WR","0.98","0.4","0.5","19.0","20.4","0.0"
"111254","Isaiah Davis","NYJ","RB","0.26","4.4","4.9","5.2","2.2","0.0"
"111546","Isaiah Williams","NYJ","WR","0.06","1.1","1.2","4.5","5.0","0.0"
"162061","Mason Taylor","NYJ","TE","0.20","0.0","0.0","13.8","14.7","0.0"
"162185","Arian Smith","NYJ","WR","0.01","1.1","1.2","0.0","0.0","0.0"
"208461","Kenyon Sadiq","NYJ","TE","0.00","0.0","0.0","5.9","6.1","0.0"
"208492","Omar Cooper Jr.","NYJ","WR","0.32","0.0","0.0","6.7","8.0","0.0"
"101323","Calvin Ridley","TEN","WR","1.34","0.3","0.5","10.7","16.6","0.0"
"100555","Tony Pollard","TEN","RB","2.92","57.5","49.8","7.3","3.2","0.0"
"101581","Kylen Granson","TEN","TE","0.00","0.0","0.0","1.9","2.2","0.0"
"104706","Wan'Dale Robinson","TEN","WR","1.31","0.7","0.7","22.1","20.0","0.0"
"104780","Daniel Bellinger","TEN","TE","0.00","0.0","0.0","9.8","11.3","0.0"
"106218","Tyjae Spears","TEN","RB","2.09","25.3","26.5","11.0","5.1","0.0"
"162176","Gunnar Helm","TEN","TE","0.45","0.0","0.0","11.0","12.9","0.0"
"162177","Elic Ayomanor","TEN","WR","0.79","0.0","0.0","0.9","0.9","0.0"
"162179","Chimere Dike","TEN","WR","0.65","1.7","1.6","6.0","4.0","0.0"
"208460","Carnell Tate","TEN","WR","1.48","0.0","0.0","18.9","23.8","0.0"
"208787","Nicholas Singleton","TEN","RB","0.14","4.7","5.0","0.3","0.1","0.0"
"101850","Kendrick Bourne","ARI","WR","0.31","0.0","0.0","11.3","15.0","0.0"
"101958","Hunter Long","ARI","TE","0.00","0.0","0.0","0.9","0.0","0.0"
"104707","Tyler Allgeier","ARI","RB","1.15","37.9","36.5","6.4","2.7","0.0"
"104702","Trey McBride","ARI","TE","4.78","0.0","0.0","26.5","32.6","0.0"
"104729","Bam Knight","ARI","RB","0.18","2.0","1.2","0.0","0.0","0.0"
"106250","Michael Wilson","ARI","WR","3.30","0.0","0.0","18.8","21.0","0.0"
"106347","Jalen Brooks","ARI","WR","0.02","0.0","0.0","3.4","0.0","0.0"
"111042","Marvin Harrison Jr.","ARI","WR","2.29","0.0","0.0","18.8","22.9","0.0"
"208463","Jeremiyah Love","ARI","RB","7.10","46.3","47.8","13.1","5.7","0.0"
"208698","Reggie Virgil","ARI","WR","0.08","0.0","0.0","0.9","0.0","0.0"
"100564","David Njoku","LAC","TE","0.00","0.0","0.0","8.4","9.4","0.0"
"101967","Alec Ingold","LAC","RB","0.02","0.5","0.4","0.5","0.2","0.0"
"104757","Charlie Kolar","LAC","TE","0.00","0.0","0.0","8.4","9.2","0.0"
"106216","Derius Davis","LAC","WR","0.05","1.0","0.6","0.0","0.0","0.0"
"106430","Keaton Mitchell","LAC","RB","0.34","8.7","7.5","6.3","2.6","0.0"
"106175","Quentin Johnston","LAC","WR","6.03","0.5","0.5","18.8","23.3","0.0"
"111269","Kimani Vidal","LAC","RB","1.45","11.2","8.9","2.2","0.9","0.0"
"111416","Ladd McConkey","LAC","WR","6.92","0.0","0.0","20.9","24.8","0.0"
"162224","Oronde Gadsden","LAC","TE","1.43","0.0","0.0","3.8","4.4","0.0"
"162058","Tre' Harris","LAC","WR","0.92","1.5","1.4","13.9","15.0","0.0"
"161982","Omarion Hampton","LAC","RB","2.80","59.2","57.2","12.8","5.7","0.0"
"162249","Keandre Lambert-Smith","LAC","WR","0.06","0.0","0.0","1.1","1.1","0.0"
"208682","Brenen Thompson","LAC","WR","1.40","0.0","0.0","3.0","3.2","0.0"
"101583","Ian Thomas","LV","TE","0.01","0.0","0.0","4.1","4.0","0.0"
"106181","Michael Mayer","LV","TE","0.93","0.0","0.0","18.9","18.7","0.0"
"104737","Jalen Nailor","LV","WR","0.38","1.2","0.7","15.5","20.6","0.0"
"104791","Connor Heyward","LV","RB","0.02","1.2","1.0","0.7","0.4","0.0"
"105294","Dareke Young","LV","WR","0.01","0.0","0.0","0.7","0.4","0.0"
"106253","Tre Tucker","LV","WR","2.44","2.0","1.6","22.0","31.1","0.0"
"111244","Dylan Laube","LV","RB","0.01","1.2","0.9","0.3","0.1","0.0"
"161949","Ashton Jeanty","LV","RB","2.87","59.9","67.2","12.4","12.2","0.0"
"162055","Jack Bech","LV","WR","0.19","0.0","0.0","8.3","3.8","0.0"
"208697","Mike Washington Jr.","LV","RB","0.16","30.1","24.0","6.9","1.4","0.0"
"208763","Malik Benson","LV","WR","0.42","0.0","0.0","10.3","7.4","0.0"
"104714","Jalen Tolbert","MIA","WR","0.12","0.0","0.0","6.0","5.5","0.0"
"104738","Greg Dulcich","MIA","TE","0.66","0.0","0.0","14.3","19.8","0.0"
"106255","De'Von Achane","MIA","RB","9.01","56.4","52.8","20.7","20.5","0.0"
"106498","Ryan Miller","MIA","WR","0.00","0.0","0.0","1.1","1.1","0.0"
"110991","Jaylen Wright","MIA","RB","0.35","18.3","14.8","6.4","2.5","0.0"
"111422","Malik Washington","MIA","WR","0.57","0.0","0.0","15.8","18.3","0.0"
"162233","Ollie Gordon II","MIA","RB","0.18","2.1","1.9","1.9","1.3","0.0"
"208624","Chris Bell","MIA","WR","0.10","0.0","0.0","13.5","13.5","0.0"
"208580","Caleb Douglas","MIA","WR","0.03","0.0","0.0","15.4","15.7","0.0"
"208766","Seydou Traore","MIA","TE","0.00","0.0","0.0","1.5","1.9","0.0"
"208631","Will Kacmarek","MIA","TE","0.00","0.0","0.0","3.4","0.0","0.0"
"101800","Jonnu Smith","GB","TE","0.00","1.6","2.1","9.6","6.3","0.0"
"104708","Skyy Moore","GB","WR","0.01","1.2","1.3","1.1","1.0","0.0"
"106584","Chris Brooks","GB","RB","1.09","20.0","22.1","6.0","3.2","0.0"
"111432","MarShawn Lloyd","GB","RB","0.18","45.1","55.6","8.2","4.3","0.0"
"106191","Jayden Reed","GB","WR","3.58","2.7","3.5","17.4","17.8","0.0"
"104710","Christian Watson","GB","WR","3.77","0.4","0.4","19.1","20.1","0.0"
"104767","Bo Melton","GB","WR","0.06","2.0","2.3","1.8","2.3","0.0"
"106339","Josh Whyle","GB","TE","0.00","0.0","0.0","1.1","1.0","0.0"
"161981","Matthew Golden","GB","WR","1.20","1.2","1.6","15.3","12.7","0.0"
"162079","Kaleb Johnson","GB","RB","0.13","14.9","6.7","1.1","1.0","0.0"
"102252","Aaron Jones Sr.","MIN","RB","3.18","34.6","27.1","11.8","5.1","0.0"
"102397","T.J. Hockenson","MIN","TE","2.67","0.0","0.0","15.5","16.2","0.0"
"102884","Josh Oliver","MIN","TE","0.20","0.0","0.0","5.2","6.3","0.0"
"100389","Justin Jefferson","MIN","WR","5.04","0.7","0.3","30.7","31.3","0.0"
"100842","Jauan Jennings","MIN","WR","1.79","0.0","0.0","12.5","16.4","0.0"
"106149","Jordan Addison","MIN","WR","3.92","1.0","0.9","16.7","20.1","0.0"
"105084","Jordan Mason","MIN","RB","1.00","39.3","44.5","4.3","1.9","0.0"
"162117","Tai Felton","MIN","WR","0.01","0.0","0.0","1.2","1.1","0.0"
"162341","Ben Yurosek","MIN","TE","0.00","0.0","0.0","1.2","1.1","0.0"
"208739","Demond Claiborne","MIN","RB","0.09","1.3","0.6","0.9","0.4","0.0"
"102694","Johnny Mundt","PHI","TE","0.00","0.0","0.0","4.0","4.0","0.0"
"100267","Saquon Barkley","PHI","RB","5.32","61.3","44.9","12.2","5.7","0.0"
"100749","Dallas Goedert","PHI","TE","5.93","0.7","0.4","19.6","24.7","0.0"
"102887","Hollywood Brown","PHI","WR","0.59","0.0","0.0","7.1","8.0","0.0"
"101015","DeVonta Smith","PHI","WR","4.51","0.0","0.0","25.6","27.6","0.0"
"101041","Elijah Moore","PHI","WR","0.02","1.1","0.7","1.1","1.0","0.0"
"106188","Tank Bigsby","PHI","RB","0.31","13.2","10.1","3.1","1.1","0.0"
"111421","Will Shipley","PHI","RB","0.04","1.1","0.8","2.6","1.0","0.0"
"208458","Makai Lemon","PHI","WR","0.64","0.0","0.0","11.9","12.7","0.0"
"102024","Stefon Diggs","WAS","WR","3.01","0.0","0.0","20.2","22.6","0.0"
"100730","Terry McLaurin","WAS","WR","3.35","0.0","0.0","23.1","28.7","0.0"
"101288","John Bates","WAS","TE","0.06","0.0","0.0","3.5","2.0","0.0"
"101289","Dyami Brown","WAS","WR","0.36","0.8","0.7","0.0","0.0","0.0"
"104690","Treylon Burks","WAS","WR","0.51","0.0","0.0","10.6","13.1","0.0"
"104701","Rachaad White","WAS","RB","0.90","26.1","21.3","10.3","4.8","0.0"
"111403","Jayden Daniels","WAS","QB","1.92","25.3","27.7","0.0","0.0","100.0"
"105185","Chig Okonkwo","WAS","TE","0.01","0.0","0.0","14.9","13.7","0.0"
"111052","Ben Sinnott","WAS","TE","0.05","0.0","0.0","1.1","0.9","0.0"
"111054","Luke McCaffrey","WAS","WR","0.28","0.0","0.0","3.2","3.8","0.0"
"208735","Kaytron Allen","WAS","RB","0.12","2.3","1.9","0.4","0.2","0.0"
"162339","Jacory Croskey-Merritt","WAS","RB","0.58","45.5","48.5","5.0","2.1","0.0"
"100819","Colby Parkinson","LAR","TE","0.93","0.0","0.0","9.8","12.6","0.0"
"104992","Ronnie Rivers","LAR","RB","0.02","1.0","0.2","0.4","0.1","0.0"
"102717","Matthew Stafford","LAR","QB","5.66","4.3","2.0","0.0","0.0","100.0"
"32","Los Angeles Rams","LAR","DST","5.29","0.0","0.0","0.0","0.0","0.0"
"102170","Davante Adams","LAR","WR","11.65","0.0","0.0","23.7","31.3","0.0"
"102708","Tyler Higbee","LAR","TE","0.60","0.0","0.0","5.9","6.5","0.0"
"209172","Matthew Caldwell","LAR","QB","0.00","0.0","0.0","0.0","0.0","0.0"
"31","San Francisco 49ers","SF","DST","2.93","0.0","0.0","0.0","0.0","0.0"
"106507","Adrian Martinez","SF","QB","0.00","0.0","0.0","0.0","0.0","0.0"
"106329","Stetson Bennett IV","LAR","QB","0.00","0.0","0.0","0.0","0.0","0.0"
"208456","Ty Simpson","LAR","QB","0.00","0.0","0.0","0.0","0.0","0.0"
"102232","Mac Jones","SF","QB","0.00","0.0","0.0","0.0","0.0","0.0"
"105008","Brock Purdy","SF","QB","1.08","13.9","34.2","0.0","0.0","100.0"
"100043","Dak Prescott","DAL","QB","9.73","13.3","13.2","0.0","0.0","100.0"
"9","Dallas Cowboys","DAL","DST","3.63","0.0","0.0","0.0","0.0","0.0"
"23","New York Giants","NYG","DST","3.28","0.0","0.0","0.0","0.0","0.0"
"104721","Sam Howell","DAL","QB","0.00","0.0","0.0","0.0","0.0","0.0"
"111092","Joe Milton III","DAL","QB","0.00","0.0","0.0","0.0","0.0","0.0"
"102662","Jameis Winston","NYG","QB","0.00","0.0","0.0","0.0","0.0","0.0"
"161990","Jaxson Dart","NYG","QB","0.74","22.0","36.4","0.0","0.0","100.0"
"111259","Bo Nix","DEN","QB","1.77","18.7","28.4","0.0","0.0","100.0"
"10","Denver Broncos","DEN","DST","4.50","0.0","0.0","0.0","0.0","0.0"
"16","Kansas City Chiefs","KC","DST","3.12","0.0","0.0","0.0","0.0","0.0"
"102092","Jarrett Stidham","DEN","QB","0.00","0.0","0.0","0.0","0.0","0.0"
"101434","Sam Ehlinger","DEN","QB","0.00","0.0","0.0","0.0","0.0","0.0"
"102357","Patrick Mahomes","KC","QB","0.73","12.8","14.4","0.0","0.0","100.0"
"21","New England Patriots","NE","DST","2.67","0.0","0.0","0.0","0.0","0.0"
"106623","Tommy DeVito","NE","QB","0.00","0.0","0.0","0.0","0.0","0.0"
"111026","Drake Maye","NE","QB","1.93","22.0","23.7","0.0","0.0","100.0"
"102364","Justin Fields","KC","QB","0.00","0.0","0.0","0.0","0.0","0.0"
"208841","Garrett Nussmeier","KC","QB","0.00","0.0","0.0","0.0","0.0","0.0"
"208788","Behren Morton","NE","QB","0.00","0.0","0.0","0.0","0.0","0.0"
"30","Seattle Seahawks","SEA","DST","17.97","0.0","0.0","0.0","0.0","0.0"
"102614","Drew Lock","SEA","QB","0.00","0.0","0.0","0.0","0.0","0.0"
"162116","Jalen Milroe","SEA","QB","0.00","0.0","0.0","0.0","0.0","0.0"
"5","Carolina Panthers","CAR","DST","1.46","0.0","0.0","0.0","0.0","0.0"
"101560","Sam Darnold","SEA","QB","2.98","8.2","1.8","0.0","0.0","100.0"
"106147","Bryce Young","CAR","QB","2.89","6.9","13.8","0.0","0.0","100.0"
"110995","Caleb Williams","CHI","QB","3.96","15.2","15.4","0.0","0.0","100.0"
"6","Chicago Bears","CHI","DST","2.43","0.0","0.0","0.0","0.0","0.0"
"104712","Kenny Pickett","CAR","QB","0.00","0.0","0.0","0.0","0.0","0.0"
"210945","Haynes King","CAR","QB","0.00","0.0","0.0","0.0","0.0","0.0"
"100611","Case Keenum","CHI","QB","0.00","0.0","0.0","0.0","0.0","0.0"
"106423","Tyson Bagent","CHI","QB","0.00","0.0","0.0","0.0","0.0","0.0"
"100213","Joe Burrow","CIN","QB","4.82","10.0","10.0","0.0","0.0","100.0"
"100457","Baker Mayfield","TB","QB","3.89","12.3","14.4","0.0","0.0","100.0"
"211054","Miller Moss","CHI","QB","0.00","0.0","0.0","0.0","0.0","0.0"
"7","Cincinnati Bengals","CIN","DST","2.59","0.0","0.0","0.0","0.0","0.0"
"100039","Josh Johnson","CIN","QB","0.00","0.0","0.0","0.0","0.0","0.0"
"106380","Sean Clifford","CIN","QB","0.00","0.0","0.0","0.0","0.0","0.0"
"33","Tampa Bay Buccaneers","TB","DST","1.85","0.0","0.0","0.0","0.0","0.0"
"100371","Jake Browning","TB","QB","0.00","0.0","0.0","0.0","0.0","0.0"
"100805","Joe Flacco","CIN","QB","0.00","0.0","0.0","0.0","0.0","0.0"
"102293","Jared Goff","DET","QB","4.58","5.2","4.4","0.0","0.0","100.0"
"162620","Connor Bazelak","TB","QB","0.00","0.0","0.0","0.0","0.0","0.0"
"11","Detroit Lions","DET","DST","2.79","0.0","0.0","0.0","0.0","0.0"
"211731","Luke Altmyer","DET","QB","0.00","0.0","0.0","0.0","0.0","0.0"
"22","New Orleans Saints","NO","DST","1.65","0.0","0.0","0.0","0.0","0.0"
"211128","Jalon Daniels","TB","QB","0.00","0.0","0.0","0.0","0.0","0.0"
"162040","Tyler Shough","NO","QB","2.56","19.1","25.6","0.0","0.0","100.0"
"102215","Josh Allen","BUF","QB","4.44","24.6","45.0","0.0","0.0","100.0"
"164030","Hunter Dekkers","NO","QB","0.00","0.0","0.0","0.0","0.0","0.0"
"4","Buffalo Bills","BUF","DST","2.10","0.0","0.0","0.0","0.0","0.0"
"102553","Shane Buechele","BUF","QB","0.00","0.0","0.0","0.0","0.0","0.0"
"101006","Zach Wilson","NO","QB","0.00","0.0","0.0","0.0","0.0","0.0"
"111402","Spencer Rattler","NO","QB","0.00","0.0","0.0","0.0","0.0","0.0"
"100720","Kyle Allen","BUF","QB","0.00","0.0","0.0","0.0","0.0","0.0"
"106152","C.J. Stroud","HOU","QB","2.51","12.1","5.0","0.0","0.0","100.0"
"102866","Lamar Jackson","BAL","QB","3.72","18.6","16.4","0.0","0.0","100.0"
"13","Houston Texans","HOU","DST","2.02","0.0","0.0","0.0","0.0","0.0"
"162253","Graham Mertz","HOU","QB","0.00","0.0","0.0","0.0","0.0","0.0"
"3","Baltimore Ravens","BAL","DST","2.47","0.0","0.0","0.0","0.0","0.0"
"101863","Davis Mills","HOU","QB","0.00","0.0","0.0","0.0","0.0","0.0"
"102902","Tyler Huntley","BAL","QB","0.00","0.0","0.0","0.0","0.0","0.0"
"100570","Daniel Jones","IND","QB","2.60","14.3","17.0","0.0","0.0","100.0"
"105179","Skylar Thompson","BAL","QB","0.00","0.0","0.0","0.0","0.0","0.0"
"14","Indianapolis Colts","IND","DST","1.58","0.0","0.0","0.0","0.0","0.0"
"209135","Joe Fagnano","BAL","QB","0.00","0.0","0.0","0.0","0.0","0.0"
"106163","Anthony Richardson Sr.","IND","QB","0.00","0.0","0.0","0.0","0.0","0.0"
"111059","Riley Leonard","IND","QB","0.00","0.0","0.0","0.0","0.0","0.0"
"101448","Deshaun Watson","CLE","QB","1.10","13.2","15.6","0.0","0.0","100.0"
"208745","Taylen Green","CLE","QB","0.00","0.0","0.0","0.0","0.0","0.0"
"100237","Trevor Lawrence","JAX","QB","5.05","17.7","31.0","0.0","0.0","100.0"
"8","Cleveland Browns","CLE","DST","1.74","0.0","0.0","0.0","0.0","0.0"
"162103","Dillon Gabriel","CLE","QB","0.00","0.0","0.0","0.0","0.0","0.0"
"15","Jacksonville Jaguars","JAX","DST","5.08","0.0","0.0","0.0","0.0","0.0"
"104174","Nick Mullens","JAX","QB","0.00","0.0","0.0","0.0","0.0","0.0"
"111234","Carter Bradley","JAX","QB","0.00","0.0","0.0","0.0","0.0","0.0"
"162190","Shedeur Sanders","CLE","QB","0.00","0.0","0.0","0.0","0.0","0.0"
"101760","Tua Tagovailoa","ATL","QB","0.00","0.0","0.0","0.0","0.0","0.0"
"102117","Aaron Rodgers","PIT","QB","3.03","4.3","4.6","0.0","0.0","100.0"
"100310","Cooper Rush","ATL","QB","0.00","11.1","7.7","0.0","0.0","100.0"
"111140","Michael Penix Jr.","ATL","QB","1.69","0.0","0.0","0.0","0.0","0.0"
"208964","Joey Aguilar","JAX","QB","0.00","0.0","0.0","0.0","0.0","0.0"
"2","Atlanta Falcons","ATL","DST","1.72","0.0","0.0","0.0","0.0","0.0"
"28","Pittsburgh Steelers","PIT","DST","2.29","0.0","0.0","0.0","0.0","0.0"
"210948","Jack Strand","ATL","QB","0.00","0.0","0.0","0.0","0.0","0.0"
"100740","Mason Rudolph","PIT","QB","0.00","0.0","0.0","0.0","0.0","0.0"
"101655","Geno Smith","NYJ","QB","1.40","11.9","18.5","0.0","0.0","100.0"
"24","New York Jets","NYJ","DST","1.74","0.0","0.0","0.0","0.0","0.0"
"104788","Bailey Zappe","NYJ","QB","0.00","0.0","0.0","0.0","0.0","0.0"
"34","Tennessee Titans","TEN","DST","4.26","0.0","0.0","0.0","0.0","0.0"
"162225","Will Howard","PIT","QB","0.00","0.0","0.0","0.0","0.0","0.0"
"208605","Drew Allar","PIT","QB","0.00","0.0","0.0","0.0","0.0","0.0"
"208713","Cade Klubnik","NYJ","QB","0.00","0.0","0.0","0.0","0.0","0.0"
"161202","Cam Ward","TEN","QB","1.61","9.8","15.8","0.0","0.0","100.0"
"102465","Jacoby Brissett","ARI","QB","1.72","13.8","14.5","0.0","0.0","100.0"
"106196","Will Levis","TEN","QB","0.00","0.0","0.0","0.0","0.0","0.0"
"106227","Hendon Hooker","TEN","QB","0.00","0.0","0.0","0.0","0.0","0.0"
"1","Arizona Cardinals","ARI","DST","1.36","0.0","0.0","0.0","0.0","0.0"
"100977","Gardner Minshew II","ARI","QB","0.00","0.0","0.0","0.0","0.0","0.0"
"100186","Justin Herbert","LAC","QB","6.66","17.5","23.4","0.0","0.0","100.0"
"100662","Kirk Cousins","LV","QB","2.59","4.3","4.7","0.0","0.0","100.0"
"29","Los Angeles Chargers","LAC","DST","3.75","0.0","0.0","0.0","0.0","0.0"
"162358","DJ Uiagalelei","LAC","QB","0.00","0.0","0.0","0.0","0.0","0.0"
"25","Las Vegas Raiders","LV","DST","2.99","0.0","0.0","0.0","0.0","0.0"
"111061","Carson Beck","ARI","QB","0.00","0.0","0.0","0.0","0.0","0.0"
"101048","Trey Lance","LAC","QB","0.00","0.0","0.0","0.0","0.0","0.0"
"104703","Malik Willis","MIA","QB","1.60","23.2","30.5","0.0","0.0","100.0"
"209600","Jacob Clark","LV","QB","0.00","0.0","0.0","0.0","0.0","0.0"
"19","Miami Dolphins","MIA","DST","1.81","0.0","0.0","0.0","0.0","0.0"
"162302","Cam Miller","MIA","QB","0.00","0.0","0.0","0.0","0.0","0.0"
"12","Green Bay Packers","GB","DST","2.00","0.0","0.0","0.0","0.0","0.0"
"106328","Aidan O'Connell","LV","QB","0.00","0.0","0.0","0.0","0.0","0.0"
"208457","Fernando Mendoza","LV","QB","0.00","0.0","0.0","0.0","0.0","0.0"
"102012","Jordan Love","GB","QB","2.80","10.2","3.6","0.0","0.0","100.0"
"101450","Kyler Murray","MIN","QB","3.21","23.1","26.6","0.0","0.0","100.0"
"209673","Kyron Drones","GB","QB","0.00","0.0","0.0","0.0","0.0","0.0"
"20","Minnesota Vikings","MIN","DST","1.94","0.0","0.0","0.0","0.0","0.0"
"101069","Carson Wentz","MIN","QB","0.00","0.0","0.0","0.0","0.0","0.0"
"111024","J.J. McCarthy","MIN","QB","0.00","0.0","0.0","0.0","0.0","0.0"
"162328","Max Brosmer","MIN","QB","0.00","0.0","0.0","0.0","0.0","0.0"
"101025","Jalen Hurts","PHI","QB","5.03","22.6","43.1","0.0","0.0","100.0"
"26","Philadelphia Eagles","PHI","DST","3.52","0.0","0.0","0.0","0.0","0.0"
"35","Washington Commanders","WAS","DST","1.47","0.0","0.0","0.0","0.0","0.0"
"102036","Andy Dalton","PHI","QB","0.00","0.0","0.0","0.0","0.0","0.0"
"106219","Tanner McKee","PHI","QB","0.00","0.0","0.0","0.0","0.0","0.0"
"208761","Cole Payton","PHI","QB","0.00","0.0","0.0","0.0","0.0","0.0"
"101573","Marcus Mariota","WAS","QB","0.00","0.0","0.0","0.0","0.0","0.0"
"106230","Davis Allen","LAR","TE","0.01","0.0","0.0","0.0","0.0","0.0"
"104697","Kyren Williams","LAR","RB","10.86","48.0","55.4","7.9","5.9","0.0"
"112588","Blake Corum","LAR","RB","2.13","43.8","35.2","3.0","4.0","0.0"
"106249","Puka Nacua","LAR","WR","38.80","2.9","7.1","30.7","25.5","0.0"
"106758","Xavier Smith","LAR","WR","0.01","0.0","0.0","3.0","1.0","0.0"
"111068","Konata Mumpfield","LAR","WR","0.25","0.0","0.0","1.2","0.9","0.0"
"111542","Jordan Whittington","LAR","WR","0.36","0.0","0.0","5.0","1.0","0.0"
"162062","Terrance Ferguson","LAR","TE","0.03","0.0","0.0","9.5","11.2","0.0"
"162664","Brennan Presley","LAR","WR","0.00","0.0","0.0","0.0","0.0","0.0"
"162666","Jordan Waters","LAR","RB","0.00","0.0","0.0","0.0","0.0","0.0"
"209155","Dan Villari","LAR","TE","0.00","0.0","0.0","0.0","0.0","0.0"
"209156","Dean Connors","LAR","RB","0.00","0.0","0.0","0.0","0.0","0.0"
"208566","Max Klare","LAR","TE","0.03","0.0","0.0","0.0","0.0","0.0"
"208748","CJ Daniels","LAR","WR","0.01","0.0","0.0","0.0","0.0","0.0"
"100967","Mike Evans","SF","WR","5.65","0.0","0.0","19.7","21.4","0.0"
"102335","Demarcus Robinson","SF","WR","0.35","0.0","0.0","6.0","6.1","0.0"
"101473","Christian McCaffrey","SF","RB","42.28","64.1","53.6","18.6","21.6","0.0"
"208579","Antonio Williams","WAS","WR","0.77","0.0","0.0","7.8","8.3","0.0"
"210939","Jaden Bradley","WAS","WR","0.00","0.0","0.0","0.0","0.0","0.0"
"210960","Quentin Moore","WAS","TE","0.00","0.0","0.0","0.0","0.0","0.0"
"208760","Athan Kaliakmanis","WAS","QB","0.00","0.0","0.0","0.0","0.0","0.0"
"106194","Dontayvion Wicks","PHI","WR","0.49","0.0","0.0","12.8","14.1","0.0"
"105037","Britain Covey","PHI","WR","0.00","0.0","0.0","0.0","0.0","0.0"
"105054","Erik Ezukanma","PHI","WR","0.00","0.0","0.0","0.0","0.0","0.0"
"104789","Grant Calcaterra","PHI","TE","0.00","0.0","0.0","0.0","0.0","0.0"
"104758","Danny Gray","PHI","WR","0.00","0.0","0.0","0.0","0.0","0.0"
"100589","CeeDee Lamb","DAL","WR","22.52","0.8","0.6","23.1","23.9","0.0"
"102777","Javonte Williams","DAL","RB","17.63","70.0","74.0","10.0","4.6","0.0"
"101347","Christian Kirk","SF","WR","0.00","0.0","0.0","0.0","0.0","0.0"
"101306","Eddy Piñeiro","SF","K","0.00","0.0","0.0","0.0","0.0","0.0"
"100050","KhaDarel Hodge","SF","WR","0.00","0.0","0.0","0.0","0.0","0.0"
"104764","Jake Ferguson","DAL","TE","2.28","0.0","0.0","15.6","17.2","0.0"
"100843","Brandon Aiyuk","SF","WR","0.00","0.0","0.0","0.0","0.0","0.0"
"104699","George Pickens","DAL","WR","17.12","0.4","0.2","21.8","26.0","0.0"
"105001","Sincere McCormick","SF","RB","0.00","0.0","0.0","0.0","0.0","0.0"
"106184","Jonathan Mingo","DAL","WR","0.10","0.0","0.0","0.9","1.2","0.0"
"106231","Brayden Willis","SF","TE","0.00","0.0","0.0","0.0","0.0","0.0"
"105498","Malik Davis","DAL","RB","0.27","0.0","0.0","0.0","0.0","0.0"
"111049","Ricky Pearsall","SF","WR","0.00","0.0","0.0","0.0","0.0","0.0"
"111253","Isaac Guerendo","SF","RB","0.00","0.0","0.0","0.0","0.0","0.0"
"105683","KaVontae Turpin","DAL","WR","0.30","4.8","3.3","6.2","7.2","0.0"
"106444","Hunter Luepke","DAL","RB","0.02","1.2","1.1","0.9","1.0","0.0"
"106322","Luke Schoonmaker","DAL","TE","0.01","0.0","0.0","3.7","3.7","0.0"
"106607","Emari Demercado","DAL","RB","0.00","8.3","6.6","4.0","1.7","0.0"
"111465","Ryan Flournoy","DAL","WR","0.36","1.2","1.0","11.5","13.7","0.0"
"208961","Khalil Dinkins","SF","TE","0.00","0.0","0.0","0.0","0.0","0.0"
"208965","Will Pauling","SF","WR","0.00","0.0","0.0","0.0","0.0","0.0"
"208995","Wesley Grimes","SF","WR","0.00","0.0","0.0","0.0","0.0","0.0"
"104790","James Mitchell","DAL","TE","0.00","0.0","0.0","0.0","0.0","0.0"
"106254","Israel Abanikanda","DAL","RB","0.00","0.0","0.0","0.0","0.0","0.0"
"106615","Princeton Fant","DAL","TE","0.00","0.0","0.0","0.0","0.0","0.0"
"106962","Brandon Aubrey","DAL","K","0.00","0.0","0.0","0.0","0.0","0.0"
"162850","Traeshon Holden","DAL","WR","0.00","0.0","0.0","0.0","0.0","0.0"
"208743","Anthony Smith","DAL","WR","0.00","0.0","0.0","0.0","0.0","0.0"
"209646","DJ Rogers","DAL","TE","0.00","0.0","0.0","0.0","0.0","0.0"
"209647","Jordan Hudson","DAL","WR","0.00","0.0","0.0","0.0","0.0","0.0"
"209656","Michael Trigg","DAL","TE","0.00","0.0","0.0","0.0","0.0","0.0"
"100554","JuJu Smith-Schuster","NYG","WR","0.00","0.0","0.0","0.0","0.0","0.0"
"102166","Gunner Olszewski","NYG","WR","0.00","0.0","0.0","0.0","0.0","0.0"
"104725","Calvin Austin III","NYG","WR","0.00","0.0","0.0","0.0","0.0","0.0"
"106193","Jake Haener","NYG","QB","0.00","0.0","0.0","0.0","0.0","0.0"
"106217","Charlie Jones","NYG","WR","0.00","0.0","0.0","0.0","0.0","0.0"
"106220","Jalin Hyatt","NYG","WR","0.00","0.0","0.0","0.0","0.0","0.0"
"162615","Dalen Cambre","NYG","WR","0.00","0.0","0.0","0.0","0.0","0.0"
"210911","Dominic Zvada","NYG","K","0.00","0.0","0.0","0.0","0.0","0.0"
"210913","Ben Mann","NYG","LS","0.00","0.0","0.0","0.0","0.0","0.0"
"218998","Grant Finley","NYG","RB","0.00","0.0","0.0","0.0","0.0","0.0"
"102697","Wil Lutz","DEN","K","0.00","0.0","0.0","0.0","0.0","0.0"
"104474","Mitchell Fraboni","DEN","LS","0.00","0.0","0.0","0.0","0.0","0.0"
"102795","Adam Prentice","DEN","RB","0.00","0.0","0.0","0.0","0.0","0.0"
"104471","Michael Bandy","DEN","WR","0.00","0.0","0.0","0.0","0.0","0.0"
"105316","Lucas Krull","DEN","TE","0.00","0.0","0.0","0.0","0.0","0.0"
"111239","Cody Schrader","DEN","RB","0.00","0.0","0.0","0.0","0.0","0.0"
"162346","Caleb Lohner","DEN","TE","0.00","0.0","0.0","0.0","0.0","0.0"
"209163","Dane Key","DEN","WR","0.00","0.0","0.0","0.0","0.0","0.0"
"209175","Luke Basso","DEN","LS","0.00","0.0","0.0","0.0","0.0","0.0"
"211178","Kolbe Katsis","DEN","WR","0.00","0.0","0.0","0.0","0.0","0.0"
"101989","James Winchester","KC","LS","0.00","0.0","0.0","0.0","0.0","0.0"
"102360","Harrison Butker","KC","K","0.00","0.0","0.0","0.0","0.0","0.0"
"106642","Ben VanSumeren","KC","RB","0.00","0.0","0.0","0.0","0.0","0.0"
"209642","Jaydn Ott","KC","RB","0.00","0.0","0.0","0.0","0.0","0.0"
"162924","Andrew Armstrong","KC","WR","0.00","0.0","0.0","0.0","0.0","0.0"
"162601","Nathan Carter","KC","RB","0.00","0.0","0.0","0.0","0.0","0.0"
"209648","John Michael Gyllenborg","KC","TE","0.00","0.0","0.0","0.0","0.0","0.0"
"209649","Jeff Caldwell","KC","WR","0.00","0.0","0.0","0.0","0.0","0.0"
"209696","Omari Evans","KC","WR","0.00","0.0","0.0","0.0","0.0","0.0"
"104693","Kenneth Walker","KC","RB","18.63","56.8","63.6","9.9","10.9","0.0"
"105175","Tyquan Thornton","KC","WR","0.36","0.4","0.3","9.9","10.9","0.0"
"106215","Rashee Rice","KC","WR","17.12","2.3","1.9","24.4","26.9","0.0"
"110992","Xavier Worthy","KC","WR","0.87","2.7","2.5","15.7","16.1","0.0"
"162227","Brashard Smith","KC","RB","0.01","3.2","2.5","2.6","1.1","0.0"
"100272","Shane Zylstra","NE","TE","0.00","0.0","0.0","0.0","0.0","0.0"
"208744","Emmett Johnson","KC","RB","0.45","21.8","14.8","5.8","2.4","0.0"
"162041","TreVeyon Henderson","NE","RB","1.31","0.0","0.0","0.0","0.0","0.0"
"104724","Hassan Haskins","NE","RB","0.00","0.0","0.0","0.0","0.0","0.0"
"105135","Marcus Jones","NE","CB","0.00","0.0","0.0","0.0","0.0","0.0"
"208769","Cyrus Allen","KC","WR","0.32","0.0","0.0","3.2","3.5","0.0"
"106741","Julian Hill","NE","TE","0.00","0.0","0.0","0.0","0.0","0.0"
"111280","Terrell Jennings","NE","RB","0.00","0.0","0.0","0.0","0.0","0.0"
"117264","Tejhaun Palmer","NE","WR","0.00","0.0","0.0","0.0","0.0","0.0"
"162927","Lan Larison","NE","RB","0.00","0.0","0.0","0.0","0.0","0.0"
"162257","Andy Borregales","NE","K","0.00","0.0","0.0","0.0","0.0","0.0"
"162941","Jeremiah Webb","NE","WR","0.00","0.0","0.0","0.0","0.0","0.0"
"162943","John Saunders Jr.","NE","S","0.00","0.0","0.0","0.0","0.0","0.0"
"165556","Mitch Van Vooren","NE","TE","0.00","0.0","0.0","0.0","0.0","0.0"
"208844","Jam Miller","NE","RB","0.00","0.0","0.0","0.0","0.0","0.0"
"210941","Kobe Prentice","NE","WR","0.00","0.0","0.0","0.0","0.0","0.0"
"209162","Cameron Dorner","NE","WR","0.00","0.0","0.0","0.0","0.0","0.0"
"209185","Kyle Dixon","NE","WR","0.00","0.0","0.0","0.0","0.0","0.0"
"106458","Nikko Remigio","KC","WR","0.01","0.0","0.0","0.0","0.0","0.0"
"111453","Jared Wiley","KC","TE","0.01","0.0","0.0","0.9","0.7","0.0"
"162173","Jalen Royals","KC","WR","0.25","0.0","0.0","0.3","0.1","0.0"
"162571","Jake Briningstool","KC","TE","0.01","0.0","0.0","0.0","0.0","0.0"
"101754","Darren Waller","CAR","TE","0.00","0.0","0.0","7.0","6.9","0.0"
"101688","Chuba Hubbard","CAR","RB","5.31","50.7","41.6","8.6","7.4","0.0"
"100298","AJ Dillon","CAR","RB","0.04","4.2","2.1","0.0","0.0","0.0"
"106186","Zach Charbonnet","SEA","RB","0.00","0.0","0.0","0.0","0.0","0.0"
"102060","Tommy Tremble","CAR","TE","0.53","0.0","0.0","12.7","12.0","0.0"
"104779","Velus Jones Jr.","SEA","RB","0.00","0.0","0.0","0.0","0.0","0.0"
"104705","John Metchie III","CAR","WR","0.76","2.5","1.0","6.3","5.9","0.0"
"105558","Irv Charles","SEA","WR","0.00","0.0","0.0","0.0","0.0","0.0"
"111012","Jonathon Brooks","CAR","RB","0.84","34.5","40.4","8.9","6.7","0.0"
"106455","Jake Bobo","SEA","WR","0.00","0.0","0.0","0.0","0.0","0.0"
"106713","Brady Russell","SEA","RB","0.00","0.0","0.0","0.0","0.0","0.0"
"111070","Xavier Legette","CAR","WR","1.50","1.3","1.1","10.5","10.5","0.0"
"111077","Ricky White III","SEA","WR","0.00","0.0","0.0","0.0","0.0","0.0"
"111463","Jalen Coker","CAR","WR","1.27","0.0","0.0","15.9","15.7","0.0"
"117968","Julian Hicks","SEA","WR","0.00","0.0","0.0","0.0","0.0","0.0"
"211045","Anthony Hankerson","SEA","RB","0.00","0.0","0.0","0.0","0.0","0.0"
"162223","Mitchell Evans","CAR","TE","0.04","0.0","0.0","6.3","5.8","0.0"
"162264","Robbie Ouzts","SEA","RB","0.00","0.0","0.0","0.0","0.0","0.0"
"162596","Nick Kallerup","SEA","TE","0.00","0.0","0.0","0.0","0.0","0.0"
"163101","Jacardia Wright","SEA","RB","0.00","0.0","0.0","0.0","0.0","0.0"
"208764","Emmanuel Henderson Jr.","SEA","WR","0.00","0.0","0.0","0.0","0.0","0.0"
"211085","TJ Harden","SEA","RB","0.00","0.0","0.0","0.0","0.0","0.0"
"211993","Rashad Rochelle","SEA","WR","0.00","0.0","0.0","0.0","0.0","0.0"
"101532","David Moore","CAR","WR","0.00","0.0","0.0","0.0","0.0","0.0"
"100609","Dan Chisena","CAR","WR","0.00","0.0","0.0","0.0","0.0","0.0"
"106770","Elijah Cooks","CAR","WR","0.00","0.0","0.0","0.0","0.0","0.0"
"117247","Casey Washington","CAR","WR","0.00","0.0","0.0","0.0","0.0","0.0"
"162175","Trevor Etienne","CAR","RB","0.00","0.0","0.0","0.0","0.0","0.0"
"162846","Caden Prieskorn","CAR","TE","0.00","0.0","0.0","0.0","0.0","0.0"
"162373","Roc Taylor","CAR","WR","0.00","0.0","0.0","0.0","0.0","0.0"
"101681","Feleipe Franks","CAR","TE","0.00","0.0","0.0","0.0","0.0","0.0"
"106727","Brycen Tremayne","CAR","WR","0.01","0.0","0.0","0.0","0.0","0.0"
"111015","Ja'Tavion Sanders","CAR","TE","0.51","0.0","0.0","0.0","0.0","0.0"
"100789","Ray-Ray McCloud III","CHI","WR","0.00","0.0","0.0","0.0","0.0","0.0"
"101909","Scotty Miller","CHI","WR","0.00","0.0","0.0","0.0","0.0","0.0"
"100092","Stephen Carlson","CHI","TE","0.00","0.0","0.0","0.0","0.0","0.0"
"101829","Salvon Ahmed","CHI","RB","0.00","0.0","0.0","0.0","0.0","0.0"
"104560","Nikola Kalinic","CHI","TE","0.00","0.0","0.0","0.0","0.0","0.0"
"104786","Brittain Brown","CHI","RB","0.00","0.0","0.0","0.0","0.0","0.0"
"105523","Kaden Davis","CHI","WR","0.00","0.0","0.0","0.0","0.0","0.0"
"105692","Maurice Alexander","CHI","WR","0.00","0.0","0.0","0.0","0.0","0.0"
"106593","Zavier Scott","CHI","WR","0.00","0.0","0.0","0.0","0.0","0.0"
"119016","Qadir Ismail","CHI","TE","0.00","0.0","0.0","0.0","0.0","0.0"
"211048","Omari Kelly","CHI","WR","0.00","0.0","0.0","0.0","0.0","0.0"
"162868","JP Richardson","CHI","WR","0.00","0.0","0.0","0.0","0.0","0.0"
"211062","Hayden Large","CHI","TE","0.00","0.0","0.0","0.0","0.0","0.0"
"211072","Beau Gardner","CHI","LS","0.00","0.0","0.0","0.0","0.0","0.0"
"209173","Coleman Bennett","CHI","RB","0.00","0.0","0.0","0.0","0.0","0.0"
"211613","Kyron Hudson","CHI","WR","0.00","0.0","0.0","0.0","0.0","0.0"
"101059","Gary Brightwell","CIN","RB","0.00","0.0","0.0","0.0","0.0","0.0"
"100463","Evan McPherson","CIN","K","0.00","0.0","0.0","0.0","0.0","0.0"
"112587","Kendall Milton","CIN","RB","0.00","0.0","0.0","0.0","0.0","0.0"
"105578","Kendric Pryor","CIN","WR","0.00","0.0","0.0","0.0","0.0","0.0"
"117383","Xavier Johnson","CIN","WR","0.00","0.0","0.0","0.0","0.0","0.0"
"162612","Jordan Moore","CIN","WR","0.00","0.0","0.0","0.0","0.0","0.0"
"162676","William Wagner","CIN","LS","0.00","0.0","0.0","0.0","0.0","0.0"
"211049","Kentrel Bullock","CIN","RB","0.00","0.0","0.0","0.0","0.0","0.0"
"211077","Josh Kattus","CIN","TE","0.00","0.0","0.0","0.0","0.0","0.0"
"211105","Jamal Haynes","CIN","RB","0.00","0.0","0.0","0.0","0.0","0.0"
"100816","David Sills V","TB","WR","0.00","0.0","0.0","0.0","0.0","0.0"
"100105","Easton Stick","TB","QB","0.00","0.0","0.0","0.0","0.0","0.0"
"100109","Chase McLaughlin","TB","K","0.00","0.0","0.0","0.0","0.0","0.0"
"105384","Dennis Houston","TB","WR","0.00","0.0","0.0","0.0","0.0","0.0"
"106654","Evan Deckers","TB","LS","0.00","0.0","0.0","0.0","0.0","0.0"
"111485","Devin Culp","TB","TE","0.00","0.0","0.0","0.0","0.0","0.0"
"162567","Josh Williams","TB","RB","0.00","0.0","0.0","0.0","0.0","0.0"
"162572","CJ Dippre","TB","TE","0.00","0.0","0.0","0.0","0.0","0.0"
"162595","Garrett Greene","TB","WR","0.00","0.0","0.0","0.0","0.0","0.0"
"211129","Eric Rivers Jr.","TB","WR","0.00","0.0","0.0","0.0","0.0","0.0"
"211147","Kenny Fletcher Jr.","TB","TE","0.00","0.0","0.0","0.0","0.0","0.0"
"211604","Kadarius Calloway","TB","RB","0.00","0.0","0.0","0.0","0.0","0.0"
"211605","Dean Patterson IV","TB","WR","0.00","0.0","0.0","0.0","0.0","0.0"
"100531","Cedrick Wilson Jr.","DET","WR","0.00","0.0","0.0","0.0","0.0","0.0"
"102441","Tom Kennedy","DET","WR","0.00","0.0","0.0","0.0","0.0","0.0"
"101398","Tarik Black","DET","WR","0.00","0.0","0.0","0.0","0.0","0.0"
"105034","Raheem Blackshear","DET","RB","0.00","0.0","0.0","0.0","0.0","0.0"
"105090","Isiah Pacheco","DET","RB","0.00","0.0","0.0","0.0","0.0","0.0"
"106445","Malik Cunningham","DET","WR","0.00","0.0","0.0","0.0","0.0","0.0"
"106530","Jake Bates","DET","K","0.00","0.0","0.0","0.0","0.0","0.0"
"106914","Lucky Jackson","DET","WR","0.00","0.0","0.0","0.0","0.0","0.0"
"162324","Dominic Lovett","DET","WR","0.00","0.0","0.0","0.0","0.0","0.0"
"102712","Alvin Kamara","NO","RB","0.00","11.9","11.4","10.0","9.9","0.0"
"104713","Zamir White","NO","RB","0.00","0.0","0.1","0.0","0.0","0.0"
"163646","Kye Robichaux","DET","RB","0.00","0.0","0.0","0.0","0.0","0.0"
"162661","Zach Horton","DET","TE","0.00","0.0","0.0","0.0","0.0","0.0"
"170663","Thomas Gordon","DET","TE","0.00","0.0","0.0","0.0","0.0","0.0"
"208768","Kendrick Law","DET","WR","0.00","0.0","0.0","0.0","0.0","0.0"
"102699","Zach Wood","NO","LS","0.00","0.0","0.0","0.0","0.0","0.0"
"101919","Daniel Carlson","NO","K","0.00","0.0","0.0","0.0","0.0","0.0"
"106413","Jalen Moreno-Cropper","NO","WR","0.00","0.0","0.1","0.0","0.0","0.0"
"105311","Stone Smartt","NO","TE","0.00","0.0","0.1","0.0","0.0","0.0"
"106274","Trey Palmer","NO","WR","0.00","0.0","0.1","0.0","0.0","0.0"
"104986","Ty Chandler","NO","RB","0.00","0.0","0.0","0.0","0.0","0.0"
"106326","Cedric Tillman","NO","WR","0.00","0.0","0.1","0.0","0.0","0.0"
"208955","CJ Donaldson","NO","RB","0.00","0.0","0.1","0.0","0.0","0.0"
"111474","Bub Means","NO","WR","0.00","0.0","0.0","0.0","0.0","0.0"
"117333","Mason Tipton","NO","WR","0.00","0.0","0.0","0.0","0.0","0.0"
"162226","Devin Neal","NO","RB","0.00","0.0","0.0","0.0","0.0","0.0"
"162327","Moliki Matavao","NO","TE","0.00","0.0","0.0","0.0","0.0","0.0"
"208459","Jordyn Tyson","NO","WR","0.00","0.0","0.0","0.0","0.0","0.0"
"208971","Cody Hardy","NO","TE","0.00","0.0","0.0","0.0","0.0","0.0"
"211708","Brock Rechsteiner","NO","WR","0.00","0.0","0.0","0.0","0.0","0.0"
"100268","Dante Pettis","BUF","WR","0.00","0.0","0.0","0.0","0.0","0.0"
"100380","Trent Sherfield","BUF","WR","0.00","0.0","0.0","0.0","0.0","0.0"
"102492","Mecole Hardman Jr.","BUF","WR","0.00","0.0","0.0","0.0","0.0","0.0"
"101484","Greg Dortch","BUF","WR","0.00","0.0","0.0","0.0","0.0","0.0"
"101809","Tyler Bass","BUF","K","0.00","0.0","0.0","0.0","0.0","0.0"
"106511","Tyrell Shavers","BUF","WR","0.00","0.0","0.0","0.0","0.0","0.0"
"111419","Frank Gore Jr.","BUF","RB","0.00","0.0","0.0","0.0","0.0","0.0"
"117405","Ian Wheeler","BUF","RB","0.00","0.0","0.0","0.0","0.0","0.0"
"162926","Mac Dalena","BUF","WR","0.00","0.0","0.0","0.0","0.0","0.0"
"163767","Quentin Skinner","BUF","WR","0.00","0.0","0.0","0.0","0.0","0.0"
"162867","Stephen Gosnell","BUF","WR","0.00","0.0","0.0","0.0","0.0","0.0"
"211131","Max Tomczak","BUF","WR","0.00","0.0","0.0","0.0","0.0","0.0"
"211137","Ja'Mori Maclin","BUF","WR","0.00","0.0","0.0","0.0","0.0","0.0"
"101447","Ka'imi Fairbairn","HOU","K","0.00","0.0","0.0","0.0","0.0","0.0"
"101840","Justin Watson","HOU","WR","0.00","0.0","0.0","0.0","0.0","0.0"
"101864","Brevin Jordan","HOU","TE","0.00","0.0","0.0","0.0","0.0","0.0"
"105102","Dominique Robinson","HOU","DE","0.00","0.0","0.0","0.0","0.0","0.0"
"105380","Zaire Mitchell-Paden","HOU","TE","0.00","0.0","0.0","0.0","0.0","0.0"
"106252","Tank Dell","HOU","WR","0.00","0.0","0.0","0.0","0.0","0.0"
"106457","Mitch Tinsley","HOU","WR","0.00","0.0","0.0","0.0","0.0","0.0"
"111058","Jawhar Jordan","HOU","RB","0.00","0.0","0.0","0.0","0.0","0.0"
"111473","Jha'Quan Jackson","HOU","WR","0.00","0.0","0.0","0.0","0.0","0.0"
"162844","Josh Kelly","HOU","WR","0.00","0.0","0.0","0.0","0.0","0.0"
"162091","Jayden Higgins","HOU","WR","0.00","0.0","0.0","0.0","0.0","0.0"
"187061","Layne Pryor","HOU","TE","0.00","0.0","0.0","0.0","0.0","0.0"
"208741","Lewis Bond","HOU","WR","0.00","0.0","0.0","0.0","0.0","0.0"
"209153","Noah Whittington","HOU","RB","0.00","0.0","0.0","0.0","0.0","0.0"
"211183","Joshua Pitsenberger","HOU","RB","0.00","0.0","0.0","0.0","0.0","0.0"
"209178","Treyvhon Saunders","HOU","WR","0.00","0.0","0.0","0.0","0.0","0.0"
"209179","Daniel Sobkowicz","HOU","WR","0.00","0.0","0.0","0.0","0.0","0.0"
"102686","Nick Vannett","BAL","TE","0.00","0.0","0.0","0.0","0.0","0.0"
"101356","Chris Moore","BAL","WR","0.00","0.0","0.0","0.0","0.0","0.0"
"101594","Jonathan Ward","BAL","RB","0.00","0.0","0.0","0.0","0.0","0.0"
"111428","Cornelius Johnson","BAL","WR","0.00","0.0","0.0","0.0","0.0","0.0"
"117379","Dayton Wade","BAL","WR","0.00","0.0","0.0","0.0","0.0","0.0"
"162258","Tyler Loop","BAL","K","0.00","0.0","0.0","0.0","0.0","0.0"
"162648","Xavier Guillory","BAL","WR","0.00","0.0","0.0","0.0","0.0","0.0"
"163956","Lucas Scott","BAL","RB","0.00","0.0","0.0","0.0","0.0","0.0"
"208736","Adam Randall","BAL","RB","0.00","0.0","0.0","0.0","0.0","0.0"
"209151","Cortez Braham Jr.","BAL","WR","0.00","0.0","0.0","0.0","0.0","0.0"
"209152","Dontae McMillan","BAL","RB","0.00","0.0","0.0","0.0","0.0","0.0"
"209893","Ty Pezza","BAL","TE","0.00","0.0","0.0","0.0","0.0","0.0"
"209170","Octavian Smith Jr.","BAL","WR","0.00","0.0","0.0","0.0","0.0","0.0"
"209692","Elijah Tau-Tolliver","BAL","RB","0.00","0.0","0.0","0.0","0.0","0.0"
"100979","Pharaoh Brown","IND","TE","0.00","0.0","0.0","0.0","0.0","0.0"
"100756","D.J. Montgomery","IND","WR","0.00","0.0","0.0","0.0","0.0","0.0"
"100205","Nick Westbrook-Ikhine","IND","WR","0.00","0.0","0.0","0.0","0.0","0.0"
"100590","Sean McKeon","IND","TE","0.00","0.0","0.0","0.0","0.0","0.0"
"106183","Will Mallory","IND","TE","0.00","0.0","0.0","0.0","0.0","0.0"
"105117","Bernhard Raimann","IND","OT","0.00","0.0","0.0","0.0","0.0","0.0"
"111467","Anthony Gould","IND","WR","0.00","0.0","0.0","0.0","0.0","0.0"
"117328","Spencer Shrader","IND","K","0.00","0.0","0.0","0.0","0.0","0.0"
"163667","Coleman Owen","IND","WR","0.00","0.0","0.0","0.0","0.0","0.0"
"162845","Ulysses Bentley IV","IND","RB","0.00","0.0","0.0","0.0","0.0","0.0"
"162394","JJ Galbreath","IND","TE","0.00","0.0","0.0","0.0","0.0","0.0"
"162473","Eli Pancol","IND","WR","0.00","0.0","0.0","0.0","0.0","0.0"
"205716","Carson Towt","IND","TE","0.00","0.0","0.0","0.0","0.0","0.0"
"218963","Roydell Williams","IND","RB","0.00","0.0","0.0","0.0","0.0","0.0"
"211079","Davon Booth","IND","RB","0.00","0.0","0.0","0.0","0.0","0.0"
"212501","Anderson Castle","IND","RB","0.00","0.0","0.0","0.0","0.0","0.0"
"101916","Noah Igbinoghene","CLE","CB","0.00","0.0","0.0","0.0","0.0","0.0"
"101294","Jack Stoll","CLE","TE","0.00","0.0","0.0","0.0","0.0","0.0"
"106866","Jaleel McLaughlin","CLE","RB","0.00","0.0","0.0","0.0","0.0","0.0"
"106574","Andre Szmyt","CLE","K","0.00","0.0","0.0","0.0","0.0","0.0"
"111051","Jamari Thrash","CLE","WR","0.00","0.0","0.0","0.0","0.0","0.0"
"117410","Brenden Bates","CLE","TE","0.00","0.0","0.0","0.0","0.0","0.0"
"117490","Messiah Swinson","CLE","TE","0.00","0.0","0.0","0.0","0.0","0.0"
"117576","Bryce Oliver","CLE","WR","0.00","0.0","0.0","0.0","0.0","0.0"
"163644","Gage Larvadain","CLE","WR","0.00","0.0","0.0","0.0","0.0","0.0"
"163923","Luke Floriea","CLE","WR","0.00","0.0","0.0","0.0","0.0","0.0"
"209643","Dae'Quan Wright","CLE","TE","0.00","0.0","0.0","0.0","0.0","0.0"
"208747","Joe Royer","CLE","TE","0.00","0.0","0.0","0.0","0.0","0.0"
"208993","Ben Patterson","CLE","WR","0.00","0.0","0.0","0.0","0.0","0.0"
"211088","Kole Wilson","CLE","WR","0.00","0.0","0.0","0.0","0.0","0.0"
"100280","Tim Jones","JAX","WR","0.00","0.0","0.0","0.0","0.0","0.0"
"101794","Austin Trammell","JAX","WR","0.00","0.0","0.0","0.0","0.0","0.0"
"111028","Cam Little","JAX","K","0.00","0.0","0.0","0.0","0.0","0.0"
"117453","Hayden Rucci","JAX","TE","0.00","0.0","0.0","0.0","0.0","0.0"
"162466","Chandler Brayboy","JAX","WR","0.00","0.0","0.0","0.0","0.0","0.0"
"208953","J'Mari Taylor","JAX","RB","0.00","0.0","0.0","0.0","0.0","0.0"
"208956","Trebor Peña","JAX","WR","0.00","0.0","0.0","0.0","0.0","0.0"
"208984","Brady Boyd","JAX","WR","0.00","0.0","0.0","0.0","0.0","0.0"
"208986","Ethan Conner","JAX","TE","0.00","0.0","0.0","0.0","0.0","0.0"
"208992","Michael Wortham","JAX","WR","0.00","0.0","0.0","0.0","0.0","0.0"
"101354","Nick Folk","ATL","K","0.00","0.0","0.0","0.0","0.0","0.0"
"100934","Trey Sermon","ATL","RB","0.00","0.0","0.0","0.0","0.0","0.0"
"105069","Tyler Goodson","ATL","RB","0.00","0.0","0.0","0.0","0.0","0.0"
"104782","Nick Muse","ATL","TE","0.00","0.0","0.0","0.0","0.0","0.0"
"106891","Dylan Drummond","ATL","WR","0.00","0.0","0.0","0.0","0.0","0.0"
"162847","Antwane Wells Jr.","ATL","WR","0.00","0.0","0.0","0.0","0.0","0.0"
"162848","Beaux Collins","ATL","WR","0.00","0.0","0.0","0.0","0.0","0.0"
"210940","Vinny Anthony II","ATL","WR","0.00","0.0","0.0","0.0","0.0","0.0"
"210949","Cash Jones","ATL","RB","0.00","0.0","0.0","0.0","0.0","0.0"
"210952","Le'Meke Brockington","ATL","WR","0.00","0.0","0.0","0.0","0.0","0.0"
"210955","Keelan Marion","ATL","WR","0.00","0.0","0.0","0.0","0.0","0.0"
"209167","Jack Velling","ATL","TE","0.00","0.0","0.0","0.0","0.0","0.0"
"100138","Chris Boswell","PIT","K","0.00","0.0","0.0","0.0","0.0","0.0"
"100527","Travis Homer","PIT","RB","0.00","0.0","0.0","0.0","0.0","0.0"
"101053","Jack Driscoll","PIT","OT","0.00","0.0","0.0","0.0","0.0","0.0"
"101023","Brandon Smith","PIT","WR","0.00","0.0","0.0","0.0","0.0","0.0"
"105413","Brandon Johnson","PIT","WR","0.00","0.0","0.0","0.0","0.0","0.0"
"106272","Lew Nichols","PIT","RB","0.00","0.0","0.0","0.0","0.0","0.0"
"111423","Jaheim Bell","PIT","TE","0.00","0.0","0.0","0.0","0.0","0.0"
"117428","Cole Burgess","PIT","WR","0.00","0.0","0.0","0.0","0.0","0.0"
"163639","Jakobie Keeney-James","PIT","WR","0.00","0.0","0.0","0.0","0.0","0.0"
"162629","Joaquin Davis","PIT","WR","0.00","0.0","0.0","0.0","0.0","0.0"
"163944","Max Hurleman","PIT","WR","0.00","0.0","0.0","0.0","0.0","0.0"
"209068","Lake McRee","PIT","TE","0.00","0.0","0.0","0.0","0.0","0.0"
"209443","Lance Mason","PIT","TE","0.00","0.0","0.0","0.0","0.0","0.0"
"209267","Levi Wentz","PIT","WR","0.00","0.0","0.0","0.0","0.0","0.0"
"102555","Jason Sanders","NYJ","K","0.00","0.0","0.0","0.0","0.0","0.0"
"211115","Chip Trayanum","NYJ","RB","0.00","0.0","0.0","0.0","0.0","0.0"
"211046","DT Sheffield","NYJ","WR","0.00","0.0","0.0","0.0","0.0","0.0"
"163766","Jamaal Pritchett","NYJ","WR","0.00","0.0","0.0","0.0","0.0","0.0"
"162550","Quincy Skinner Jr.","NYJ","WR","0.00","0.0","0.0","0.0","0.0","0.0"
"162460","Cam Camper","NYJ","WR","0.00","0.0","0.0","0.0","0.0","0.0"
"211053","Caullin Lacy","NYJ","WR","0.00","0.0","0.0","0.0","0.0","0.0"
"218997","Al-Jay Henderson","NYJ","RB","0.00","0.0","0.0","0.0","0.0","0.0"
"211091","Malik McClain","NYJ","WR","0.00","0.0","0.0","0.0","0.0","0.0"
"211092","Chase Curtis","NYJ","TE","0.00","0.0","0.0","0.0","0.0","0.0"
"211098","Sam Scott","NYJ","RB","0.00","0.0","0.0","0.0","0.0","0.0"
"218968","Connor Hulstein","NYJ","TE","0.00","0.0","0.0","0.0","0.0","0.0"
"101686","Joey Slye","TEN","K","0.00","0.0","0.0","0.0","0.0","0.0"
"100390","K.J. Osborn","TEN","WR","0.00","0.0","0.0","0.0","0.0","0.0"
"100243","Mason Kinsey","TEN","WR","0.00","0.0","0.0","0.0","0.0","0.0"
"101040","Michael Carter","TEN","RB","0.00","0.0","0.0","0.0","0.0","0.0"
"105559","Lance McCutcheon","TEN","WR","0.00","0.0","0.0","0.0","0.0","0.0"
"106539","Joel Wilson","TEN","TE","0.00","0.0","0.0","0.0","0.0","0.0"
"162229","Kalel Mullings","TEN","RB","0.00","0.0","0.0","0.0","0.0","0.0"
"162871","Courtney Jackson","TEN","WR","0.00","0.0","0.0","0.0","0.0","0.0"
"208738","Jaren Kanak","TEN","TE","0.00","0.0","0.0","0.0","0.0","0.0"
"209436","Hank Beatty","TEN","WR","0.00","0.0","0.0","0.0","0.0","0.0"
"209438","Tyren Montgomery","TEN","WR","0.00","0.0","0.0","0.0","0.0","0.0"
"101242","James Conner","ARI","RB","0.00","0.0","0.0","0.0","0.0","0.0"
"102814","Blake Gillikin","ARI","P","0.00","0.0","0.0","0.0","0.0","0.0"
"101039","Kenny Yeboah","ARI","TE","0.00","0.0","0.0","0.0","0.0","0.0"
"100126","Ihmir Smith-Marsette","ARI","WR","0.00","0.0","0.0","0.0","0.0","0.0"
"105077","Teagan Quitoriano","ARI","TE","0.00","0.0","0.0","0.0","0.0","0.0"
"106266","Evan Hull","ARI","RB","0.00","0.0","0.0","0.0","0.0","0.0"
"112589","Trey Benson","ARI","RB","0.00","0.0","0.0","0.0","0.0","0.0"
"106361","Chad Ryland","ARI","K","0.00","0.0","0.0","0.0","0.0","0.0"
"111099","Xavier Weaver","ARI","WR","0.00","0.0","0.0","0.0","0.0","0.0"
"111482","Tip Reiman","ARI","TE","0.00","0.0","0.0","0.0","0.0","0.0"
"117562","Shawn Bowman","ARI","TE","0.00","0.0","0.0","0.0","0.0","0.0"
"162860","Rivaldo Fairweather","ARI","TE","0.00","0.0","0.0","0.0","0.0","0.0"
"162639","Bryson Green","ARI","WR","0.00","0.0","0.0","0.0","0.0","0.0"
"208954","Harrison Wallace III","ARI","WR","0.00","0.0","0.0","0.0","0.0","0.0"
"209137","Jameson Geers","ARI","TE","0.00","0.0","0.0","0.0","0.0","0.0"
"101316","Gary Jennings","LAC","WR","0.00","0.0","0.0","0.0","0.0","0.0"
"101286","Jaret Patterson","LAC","RB","0.00","0.0","0.0","0.0","0.0","0.0"
"162554","Theo Wease Jr.","LAC","WR","0.00","0.0","0.0","0.0","0.0","0.0"
"105254","Cameron Dicker","LAC","K","0.00","0.0","0.0","0.0","0.0","0.0"
"117371","JaQuae Jackson","LAC","WR","0.00","0.0","0.0","0.0","0.0","0.0"
"208887","Devonte Ross","LAC","WR","0.00","0.0","0.0","0.0","0.0","0.0"
"162378","Luke Grimm","LAC","WR","0.00","0.0","0.0","0.0","0.0","0.0"
"162471","Patrick Herbert","LAC","TE","0.00","0.0","0.0","0.0","0.0","0.0"
"162652","Amar Johnson","LAC","RB","0.00","0.0","0.0","0.0","0.0","0.0"
"163948","Dalevon Campbell","LAC","WR","0.00","0.0","0.0","0.0","0.0","0.0"
"208892","Evan Svoboda","LAC","TE","0.00","0.0","0.0","0.0","0.0","0.0"
"208894","Jerand Bradley","LAC","TE","0.00","0.0","0.0","0.0","0.0","0.0"
"208895","Sincere Brown","LAC","WR","0.00","0.0","0.0","0.0","0.0","0.0"
"208898","Gregory Desrosiers","LAC","RB","0.00","0.0","0.0","0.0","0.0","0.0"
"211612","Johnny Pascuzzi","LAC","TE","0.00","0.0","0.0","0.0","0.0","0.0"
"100518","Phillip Dorsett II","LV","WR","0.00","0.0","0.0","0.0","0.0","0.0"
"100877","Dare Ogunbowale","LV","RB","0.02","0.0","0.0","0.0","0.0","0.0"
"102754","Matt Gay","LV","K","0.00","0.0","0.0","0.0","0.0","0.0"
"101759","Chris Myarick","LV","TE","0.01","0.0","0.0","0.0","0.0","0.0"
"102655","Albert Okwuegbunam Jr.","LV","TE","0.00","0.0","0.0","0.0","0.0","0.0"
"101381","Cody White","LV","WR","0.00","0.0","0.0","0.0","0.0","0.0"
"106178","Ronnie Bell","LV","WR","0.00","0.0","0.0","0.0","0.0","0.0"
"105401","Deven Thompkins","LV","WR","0.00","0.0","0.0","0.0","0.0","0.0"
"106277","Justin Shorter","LV","WR","0.00","0.0","0.0","0.0","0.0","0.0"
"106764","Shedrick Jackson","LV","WR","0.00","0.0","0.0","0.0","0.0","0.0"
"111095","Roman Hemby","LV","RB","0.00","0.0","0.0","0.0","0.0","0.0"
"111240","Chris Collier","LV","RB","0.00","0.0","0.0","0.0","0.0","0.0"
"162191","Dont'e Thornton Jr.","LV","WR","0.00","0.0","0.0","0.0","0.0","0.0"
"162933","Carter Runyon","LV","TE","0.00","0.0","0.0","0.0","0.0","0.0"
"209595","Chase Roberts","LV","WR","0.00","0.0","0.0","0.0","0.0","0.0"
"209601","E.J. Williams Jr.","LV","WR","0.00","0.0","0.0","0.0","0.0","0.0"
"209607","Devin Lafayette","LV","S","0.00","0.0","0.0","0.0","0.0","0.0"
"209609","Corey Rucker","LV","WR","0.00","0.0","0.0","0.0","0.0","0.0"
"102076","Terrace Marshall Jr.","MIA","WR","0.00","0.0","0.0","0.0","0.0","0.0"
"100229","Riley Patterson","MIA","K","0.00","0.0","0.0","0.0","0.0","0.0"
"106449","Carlos Washington Jr.","MIA","RB","0.00","0.0","0.0","0.0","0.0","0.0"
"106533","Ben Sims","MIA","TE","0.00","0.0","0.0","0.0","0.0","0.0"
"111057","Jarquez Hunter","MIA","RB","0.00","0.0","0.0","0.0","0.0","0.0"
"111540","Tahj Washington","MIA","WR","0.00","0.0","0.0","0.0","0.0","0.0"
"162568","Donovan Edwards","MIA","RB","0.00","0.0","0.0","0.0","0.0","0.0"
"169058","Will Sheppard","MIA","WR","0.00","0.0","0.0","0.0","0.0","0.0"
"162574","Brady Cook","MIA","QB","0.00","0.0","0.0","0.0","0.0","0.0"
"162942","Tre Watson","MIA","TE","0.00","0.0","0.0","0.0","0.0","0.0"
"163680","AJ Henning","MIA","WR","0.00","0.0","0.0","0.0","0.0","0.0"
"208746","Justin Joly","MIA","TE","0.00","0.0","0.0","0.0","0.0","0.0"
"211056","Donaven McCulley","MIA","WR","0.00","0.0","0.0","0.0","0.0","0.0"
"211061","Mark Gronowski","MIA","QB","0.00","0.0","0.0","0.0","0.0","0.0"
"218965","Jeremiah Franklin","MIA","TE","0.00","0.0","0.0","0.0","0.0","0.0"
"101982","Josh Jacobs","GB","RB","0.00","0.0","0.0","0.0","0.0","0.0"
"102682","Matt Orzech","GB","LS","0.00","0.0","0.0","0.0","0.0","0.0"
"112843","Kedon Slovis","GB","QB","0.00","0.0","0.0","0.0","0.0","0.0"
"104722","Pierre Strong Jr.","GB","RB","0.00","0.0","0.0","0.0","0.0","0.0"
"105252","Cal Adomitis","GB","LS","0.00","0.0","0.0","0.0","0.0","0.0"
"106232","Luke Musgrave","GB","TE","0.00","0.0","0.0","0.0","0.0","0.0"
"111069","Drake Dabney","GB","TE","0.00","0.0","0.0","0.0","0.0","0.0"
"117316","McCallan Castles","GB","TE","0.00","0.0","0.0","0.0","0.0","0.0"
"117320","Thomas Yassmin","GB","TE","0.00","0.0","0.0","0.0","0.0","0.0"
"162236","Kaden Prather","GB","WR","0.00","0.0","0.0","0.0","0.0","0.0"
"162242","Damien Martinez","GB","RB","0.00","0.0","0.0","0.0","0.0","0.0"
"162453","Isaiah Neyor","GB","WR","0.00","0.0","0.0","0.0","0.0","0.0"
"162122","Savion Williams","GB","WR","0.00","0.0","0.0","0.0","0.0","0.0"
"210942","Chris Hilton Jr.","GB","WR","0.00","0.0","0.0","0.0","0.0","0.0"
"208808","Trey Smack","GB","K","0.00","0.0","0.0","0.0","0.0","0.0"
"209681","Jaden Nixon","GB","RB","0.00","0.0","0.0","0.0","0.0","0.0"
"100795","Andrew DePaola","MIN","LS","0.00","0.0","0.0","0.0","0.0","0.0"
"100738","DeeJay Dallas","MIN","RB","0.00","0.0","0.0","0.0","0.0","0.0"
"102489","Jermar Jefferson","MIN","RB","0.00","0.0","0.0","0.0","0.0","0.0"
"111448","Bryson Nesbit","MIN","TE","0.00","0.0","0.0","0.0","0.0","0.0"
"111454","Will Reichard","MIN","K","0.00","0.0","0.0","0.0","0.0","0.0"
"117354","Jeshaun Jones","MIN","WR","0.00","0.0","0.0","0.0","0.0","0.0"
"117437","Cam Grandy","MIN","TE","0.00","0.0","0.0","0.0","0.0","0.0"
"162352","Dontae Fleming","MIN","WR","0.00","0.0","0.0","0.0","0.0","0.0"
"163105","Marshall Lang","MIN","TE","0.00","0.0","0.0","0.0","0.0","0.0"
"208874","Marcus Sanders Jr.","MIN","WR","0.00","0.0","0.0","0.0","0.0","0.0"
"209449","Michael Briscoe","MIN","WR","0.00","0.0","0.0","0.0","0.0","0.0"
"211992","Trayvon Rudolph","MIN","WR","0.00","0.0","0.0","0.0","0.0","0.0"
"212025","Terrill Davis","MIN","WR","0.00","0.0","0.0","0.0","0.0","0.0"
"100668","Jake Elliott","PHI","K","0.00","0.0","0.0","0.0","0.0","0.0"
"101052","Quez Watkins","PHI","WR","0.00","0.0","0.0","0.0","0.0","0.0"
"104715","Dameon Pierce","PHI","RB","0.00","0.0","0.0","0.0","0.0","0.0"
"111007","Carson Steele","PHI","RB","0.00","0.0","0.0","0.0","0.0","0.0"
"162244","Jaydon Blue","PHI","RB","0.00","0.0","0.0","0.0","0.0","0.0"
"209690","Rocco Underwood","PHI","LS","0.00","0.0","0.0","0.0","0.0","0.0"
"101710","Tyler Ott","WAS","LS","0.00","0.0","0.0","0.0","0.0","0.0"
"102147","Jeremy McNichols","WAS","RB","0.00","0.0","0.0","0.0","0.0","0.0"
"100330","River Cracraft","WAS","WR","0.00","0.0","0.0","0.0","0.0","0.0"
"104006","Craig Reynolds","WAS","RB","0.00","0.0","0.0","0.0","0.0","0.0"
"100759","Lawrence Cager","WAS","TE","0.00","0.0","0.0","0.0","0.0","0.0"
"102681","Van Jefferson","WAS","WR","0.00","0.0","0.0","0.0","0.0","0.0"
"104717","Jerome Ford","WAS","RB","0.00","0.0","0.0","0.0","0.0","0.0"
"111450","Sam Hartman","WAS","QB","0.00","0.0","0.0","0.0","0.0","0.0"
"111464","Jack Westover","WAS","TE","0.00","0.0","0.0","0.0","0.0","0.0"
"162543","Nick Nash","WAS","WR","0.00","0.0","0.0","0.0","0.0","0.0"
"162545","Joshua Simon","WAS","TE","0.00","0.0","0.0","0.0","0.0","0.0"
"162903","Jacoby Jones","WAS","WR","0.00","0.0","0.0","0.0","0.0","0.0"
"210938","Robert Henry Jr.","WAS","RB","0.00","0.0","0.0","0.0","0.0","0.0"
"210946","Drew Stevens","WAS","K","0.00","0.0","0.0","0.0","0.0","0.0"
"101719","Hunter Henry","NE","TE","5.00","0.0","0.0","16.7","16.5","0.0"
"102512","Mack Hollins","NE","WR","0.47","0.0","0.0","5.1","5.5","0.0"
"100136","A.J. Brown","NE","WR","3.45","0.0","0.0","24.8","25.6","0.0"
"102233","Rhamondre Stevenson","NE","RB","2.80","64.2","71.1","12.1","12.9","0.0"
"104726","Romeo Doubs","NE","WR","0.69","0.0","0.0","18.0","18.3","0.0"
"106256","DeMario Douglas","NE","WR","0.58","1.3","0.7","9.0","8.9","0.0"
"162056","Kyle Williams","NE","WR","0.06","0.7","0.7","5.9","6.6","0.0"
"162925","Efton Chism III","NE","WR","0.00","0.0","0.0","0.0","0.0","0.0"
"208626","Eli Raridon","NE","TE","0.00","0.0","0.0","6.0","5.2","0.0"
"209157","Tanner Arkin","NE","TE","0.00","0.0","0.0","0.5","0.0","0.0"
"102693","Cooper Kupp","SEA","WR","3.55","0.0","0.0","15.4","17.2","0.0"
"102588","Eric Saubert","SEA","TE","0.01","0.0","0.0","1.4","0.0","0.0"
"106148","Jaxon Smith-Njigba","SEA","WR","5.72","1.3","1.6","32.9","40.1","0.0"
"111430","George Holani","SEA","RB","0.22","19.9","22.0","4.2","5.4","0.0"
"105387","Rashid Shaheed","SEA","WR","1.64","2.2","2.0","13.1","13.8","0.0"
"106450","Emanuel Wilson","SEA","RB","2.63","5.1","4.0","2.1","0.9","0.0"
"111056","Tory Horton","SEA","WR","0.91","0.0","0.0","0.0","0.0","0.0"
"111425","AJ Barner","SEA","TE","4.84","2.2","2.5","14.6","17.2","0.0"
"163922","Montorie Foster Jr.","SEA","WR","0.24","0.0","0.0","2.0","1.8","0.0"
"162077","Elijah Arroyo","SEA","TE","0.08","0.0","0.0","6.1","0.0","0.0"
"208493","Jadarian Price","SEA","RB","2.03","61.3","66.1","8.3","3.5","0.0"
"101811","Reggie Gilliam","NE","RB","0.00","1.0","1.0","0.0","0.0","0.0"
"106354","Cameron Latu","NE","TE","0.00","0.0","0.0","0.5","0.0","0.0"
"162449","Corey Kiner","NE","RB","0.01","10.8","2.8","1.5","0.5","0.0"
"111048","Jacob Cowing","SF","WR","0.01","0.0","0.0","0.0","0.0","0.0"
"102403","Tutu Atwell","LAR","WR","0.35","0.0","0.0","0.0","0.0","0.0"
"208606","De'Zhaun Stribling","SF","WR","1.53","0.0","0.0","11.7","11.1","0.0"
"100059","Kyle Juszczyk","SF","RB","0.02","0.0","0.0","3.9","3.9","0.0"
"162254","Kurtis Rourke","SF","QB","0.00","0.0","0.0","0.0","0.0","0.0"
"100228","George Kittle","SF","TE","5.68","0.0","0.0","18.3","19.7","0.0"
"100543","Deebo Samuel Sr.","SF","WR","1.52","3.0","2.9","13.6","13.4","0.0"
"101119","Luke Farrell","SF","TE","0.01","0.0","0.0","2.2","2.1","0.0"
"105327","Jake Tonges","SF","TE","0.73","0.0","0.0","4.6","0.0","0.0"
"162172","Jordan James","SF","RB","0.19","0.1","0.1","0.1","0.1","0.0"
"162192","Jordan Watkins","SF","WR","0.27","0.1","0.1","0.1","0.1","0.0"
"208632","Kaelon Black","SF","RB","0.45","18.7","9.1","1.1","0.4","0.0"
"100817","Darius Slayton","NYG","WR","0.63","0.0","0.0","0.0","0.0","0.0"
"162248","Thomas Fidone II","NYG","TE","0.01","0.0","0.0","0.0","0.0","0.0"
"102759","Lil'Jordan Humphrey","DEN","WR","0.17","0.0","0.0","0.0","0.0","0.0"
"208851","Dallen Bentley","DEN","TE","0.00","0.0","0.0","0.0","0.0","0.0"
"101881","Tanner Hudson","CIN","TE","0.08","0.0","0.0","0.0","0.0","0.0"
"162393","Ke'Shawn Williams","CIN","WR","0.03","0.0","0.0","0.0","0.0","0.0"
"105289","Ko Kieft","TB","TE","0.00","0.0","0.0","0.0","0.0","0.0"
"208765","Bauer Sharp","TB","TE","0.00","0.0","0.0","0.0","0.0","0.0"
"100593","Joshua Dobbs","DET","QB","0.00","0.0","0.0","0.0","0.0","0.0"
"162599","Jackson Meeks","DET","TE","0.00","0.0","0.0","0.0","0.0","0.0"
"162632","Keleki Latu","BUF","TE","0.00","0.0","0.0","0.0","0.0","0.0"
"208595","Marlin Klein","HOU","TE","0.00","0.0","0.0","0.0","0.0","0.0"
"102626","Rashod Bateman","BAL","WR","1.54","0.0","0.0","12.8","16.2","0.0"
"162256","LaJohntay Wester","BAL","WR","0.00","0.0","0.0","0.0","0.0","0.0"
"208791","Josh Cuevas","BAL","TE","0.00","0.0","0.0","0.0","0.0","0.0"
"102265","Michael Burton","CLE","RB","0.00","0.0","0.0","0.0","0.0","0.0"
"171127","Isaiah Bond","CLE","WR","0.55","0.0","0.0","0.0","0.0","0.0"
"101823","Quintin Morris","JAX","TE","0.01","0.0","0.0","0.0","0.0","0.0"
"162246","Quinn Ewers","JAX","QB","0.00","0.0","0.0","0.0","0.0","0.0"
"208825","CJ Williams","JAX","WR","0.10","0.0","0.0","0.0","0.0","0.0"
"208699","Kaden Wetjen","PIT","WR","0.02","0.0","0.0","0.0","0.0","0.0"
"208794","Riley Nowakowski","PIT","RB","0.01","0.0","0.0","0.0","0.0","0.0"
"102624","Andrew Beck","NYJ","RB","0.01","0.0","0.0","0.0","0.0","0.0"
"104773","Jelani Woods","NYJ","TE","0.00","0.0","0.0","0.0","0.0","0.0"
"102088","Mitchell Trubisky","TEN","QB","0.00","0.0","0.0","0.0","0.0","0.0"
"105261","Julius Chestnut","TEN","RB","0.01","0.0","0.0","0.0","0.0","0.0"
"117554","David Martin-Robinson","TEN","TE","0.00","0.0","0.0","0.0","0.0","0.0"
"162570","Xavier Restrepo","TEN","WR","0.02","0.0","0.0","0.0","0.0","0.0"
"102897","Devin Duvernay","ARI","WR","0.00","0.0","0.0","0.0","0.0","0.0"
"101097","Simi Fehoko","ARI","WR","0.00","0.0","0.0","0.0","0.0","0.0"
"106369","Elijah Higgins","ARI","TE","0.08","0.0","0.0","0.0","0.0","0.0"
"111011","Brock Bowers","LV","TE","6.50","0.0","0.0","0.0","0.0","0.0"
"162252","Kyle McCord","MIA","QB","0.00","0.0","0.0","0.0","0.0","0.0"
"208790","Kevin Coleman Jr.","MIA","WR","0.03","0.0","0.0","0.0","0.0","0.0"
"211610","DJ Herman","MIA","RB","0.06","0.0","0.0","0.0","0.0","0.0"
"100634","Tyrod Taylor","GB","QB","0.00","0.0","0.0","0.0","0.0","0.0"
"162680","Mark Redman","GB","TE","0.00","0.0","0.0","0.0","0.0","0.0"
"209654","J. Michael Sturdivant","GB","WR","0.23","0.0","0.0","0.0","0.0","0.0"
"162259","Gavin Bartholomew","MIN","TE","0.00","0.0","0.0","0.0","0.0","0.0"
"162643","Myles Price","MIN","WR","0.01","0.0","0.0","0.0","0.0","0.0"
"208846","Dillon Bell","MIN","WR","0.10","0.0","0.0","0.0","0.0","0.0"
"208789","Max Bredeson","MIN","RB","0.01","0.0","0.0","0.0","0.0","0.0"
"106809","E.J. Jenkins","PHI","TE","0.00","0.0","0.0","0.0","0.0","0.0"
"163090","Darius Cooper","PHI","WR","0.01","0.0","0.0","0.0","0.0","0.0"
"117568","Colson Yankoff","WAS","TE","0.00","0.0","0.0","0.0","0.0","0.0"
"162178","Jaylin Lane","WAS","WR","0.31","0.0","0.0","0.0","0.0","0.0"
"106213","Tucker Kraft","GB","TE","5.52","0.8","0.9","19.5","30.2","0.0"
"208567","Eli Stowers","PHI","TE","0.00","0.0","0.0","0.0","0.0","0.0"