game_id,season,week,gameday,gametime,away_team,home_team,source,market_spread_home,market_total,market_ml_home,market_ml_away,market_p_home_novig,sim_home_pts,sim_away_pts,sim_total,sim_margin_home,sim_p_home_win,sim_pick_winner,sim_ats_lean,sim_total_lean,edge_spread_home,edge_total,edge_ml_home,status,actual_home_pts,actual_away_pts,actual_margin_home,actual_total,actual_winner,pick_winner_result,margin_within_7,ats_result
2026_03_ATL_GB,2026,3,2026-09-24,20:15,ATL,GB,nflgamesim,-6.0,44.5,-290,235,0.7136,21.0,17.5,38.5,3.4,0.6,GB,ATL,under,-2.6,-6.0,-0.1136,final,14,35,-21,49,ATL,incorrect,no,correct
2026_03_LAC_BUF,2026,3,2026-09-27,13:00,LAC,BUF,nflgamesim,-7.0,50.5,-340,270,0.7409,29.8,18.4,48.2,11.5,0.8108,BUF,BUF,under,4.5,-2.3,0.0699,final,24,16,8,40,BUF,correct,yes,correct
2026_03_CAR_CLE,2026,3,2026-09-27,13:00,CAR,CLE,nflgamesim,3.0,42.5,130,-155,0.417,25.4,23.3,48.7,2.1,0.5775,CLE,CLE,over,5.1,6.2,0.1605,final,21,18,3,39,CLE,correct,yes,correct
2026_03_NYJ_DET,2026,3,2026-09-27,13:00,NYJ,DET,nflgamesim,-6.5,48.5,-305,245,0.7221,23.5,20.9,44.4,2.6,0.5642,DET,NYJ,under,-3.9,-4.1,-0.1579,final,31,24,7,55,DET,correct,yes,incorrect
2026_03_HOU_IND,2026,3,2026-09-27,13:00,HOU,IND,nflgamesim,2.5,43.5,120,-142,0.4365,25.0,21.5,46.5,3.5,0.6017,IND,IND,over,6.0,3.0,0.1652,final,19,17,2,36,IND,correct,yes,correct
2026_03_KC_MIA,2026,3,2026-09-27,13:00,KC,MIA,nflgamesim,11.5,45.5,575,-850,0.1421,19.3,26.5,45.8,-7.2,0.2975,KC,MIA,over,4.3,0.3,0.1554,final,10,24,-14,34,KC,correct,yes,incorrect
2026_03_TEN_NYG,2026,3,2026-09-27,13:00,TEN,NYG,nflgamesim,-3.5,40.5,-180,150,0.6164,14.1,20.2,34.3,-6.2,0.3275,TEN,TEN,under,-9.7,-6.2,-0.2889,final,12,7,5,19,NYG,incorrect,no,incorrect
2026_03_CIN_PIT,2026,3,2026-09-27,13:00,CIN,PIT,nflgamesim,3.5,42.5,154,-185,0.3775,19.5,21.3,40.8,-1.7,0.4467,CIN,PIT,under,1.8,-1.7,0.0692,final,30,27,3,57,PIT,incorrect,yes,correct
2026_03_SEA_WAS,2026,3,2026-09-27,13:00,SEA,WAS,nflgamesim,7.0,40.5,240,-298,0.282,20.8,19.0,39.8,1.8,0.5475,WAS,WAS,under,8.8,-0.7,0.2655,final,33,31,2,64,WAS,correct,yes,correct
2026_03_NE_JAX,2026,3,2026-09-27,13:00,NE,JAX,nflgamesim,-3.0,45.5,-162,136,0.5934,25.5,20.8,46.3,4.7,0.6425,JAX,JAX,over,1.7,0.8,0.0491,final,35,6,29,41,JAX,correct,no,correct
2026_03_ARI_SF,2026,3,2026-09-27,16:05,ARI,SF,nflgamesim,-8.5,47.5,-455,350,0.7867,29.3,17.0,46.3,12.4,0.825,SF,SF,under,3.9,-1.2,0.0383,final,36,30,6,66,SF,correct,yes,incorrect
2026_03_MIN_TB,2026,3,2026-09-27,16:05,MIN,TB,nflgamesim,1.5,42.5,102,-122,0.4739,26.0,16.8,42.8,9.2,0.7475,TB,TB,over,10.7,0.3,0.2736,final,16,23,-7,39,MIN,incorrect,no,incorrect
2026_03_BAL_DAL,2026,3,2026-09-27,16:25,BAL,DAL,nflgamesim,3.0,52.5,130,-155,0.417,23.3,27.6,50.9,-4.3,0.385,BAL,BAL,under,-1.3,-1.6,-0.032,final,31,34,-3,65,BAL,correct,yes,push
2026_03_LV_NO,2026,3,2026-09-27,16:25,LV,NO,nflgamesim,-3.0,43.5,-175,145,0.6092,24.5,19.9,44.4,4.7,0.6358,NO,NO,over,1.7,0.9,0.0266,final,27,35,-8,62,LV,incorrect,no,incorrect
2026_03_LA_DEN,2026,3,2026-09-27,20:20,LA,DEN,nflgamesim,2.5,45.5,114,-135,0.4486,21.0,21.0,42.0,0.0,0.5025,LA,DEN,under,2.5,-3.5,0.0539,final,30,26,4,56,DEN,incorrect,yes,correct
2026_03_PHI_CHI,2026,3,2026-09-28,20:15,PHI,CHI,nflgamesim,3.0,44.5,142,-170,0.3962,22.1,24.3,46.4,-2.2,0.4267,PHI,CHI,over,0.8,1.9,0.0305,final,27,7,20,34,CHI,incorrect,no,correct
